datetime_utc,wifi_network
2025-05-15T11:49:07.978Z,SSID: "eduroam", BSSID: 54:f0:b1:bc:03:00, capabilities: [WPA2-EAP/SHA1-CCMP][RSN-EAP/SHA1-CCMP][ESS], level: -83, frequency: 5785, timestamp: 799130361331, distance: ?(cm), distanceSd: ?(cm), passpoint: no, ChannelBandwidth: 2, centerFreq0: 5775, centerFreq1: 0, standard: 11ax, 80211mcResponder: is not supported, Radio Chain Infos: null, interface name: wlan0
2025-05-15T11:49:07.978Z,SSID: "eduroam", BSSID: 54:f0:b1:bb:a1:c0, capabilities: [WPA2-EAP/SHA1-CCMP][RSN-EAP/SHA1-CCMP][ESS], level: -86, frequency: 2437, timestamp: 799130361347, distance: ?(cm), distanceSd: ?(cm), passpoint: no, ChannelBandwidth: 0, centerFreq0: 2437, centerFreq1: 0, standard: 11ax, 80211mcResponder: is not supported, Radio Chain Infos: null, interface name: wlan0
2025-05-15T11:49:07.978Z,SSID: "eduroam", BSSID: 54:f0:b1:bb:a0:60, capabilities: [WPA2-EAP/SHA1-CCMP][RSN-EAP/SHA1-CCMP][ESS], level: -85, frequency: 5180, timestamp: 799130361341, distance: ?(cm), distanceSd: ?(cm), passpoint: no, ChannelBandwidth: 2, centerFreq0: 5210, centerFreq1: 0, standard: 11ax, 80211mcResponder: is not supported, Radio Chain Infos: null, interface name: wlan0
2025-05-15T11:49:07.978Z,SSID: "eduroam", BSSID: 54:f0:b1:bb:a1:e0, capabilities: [WPA2-EAP/SHA1-CCMP][RSN-EAP/SHA1-CCMP][ESS], level: -77, frequency: 5745, timestamp: 799130361306, distance: ?(cm), distanceSd: ?(cm), passpoint: no, ChannelBandwidth: 2, centerFreq0: 5775, centerFreq1: 0, standard: 11ax, 80211mcResponder: is not supported, Radio Chain Infos: null, interface name: wlan0
2025-05-15T11:49:07.978Z,SSID: "eduroam", BSSID: 54:f0:b1:bb:f1:30, capabilities: [WPA2-EAP/SHA1-CCMP][RSN-EAP/SHA1-CCMP][ESS], level: -90, frequency: 5580, timestamp: 799130361356, distance: ?(cm), distanceSd: ?(cm), passpoint: no, ChannelBandwidth: 2, centerFreq0: 5610, centerFreq1: 0, standard: 11ax, 80211mcResponder: is not supported, Radio Chain Infos: null, interface name: wlan0
2025-05-15T11:49:07.978Z,SSID: , BSSID: 54:f0:b1:bb:f1:31, capabilities: [WPA2-PSK-CCMP][RSN-PSK-CCMP][ESS], level: -91, frequency: 5580, timestamp: 799130114415, distance: ?(cm), distanceSd: ?(cm), passpoint: no, ChannelBandwidth: 2, centerFreq0: 5610, centerFreq1: 0, standard: 11ax, 80211mcResponder: is not supported, Radio Chain Infos: null, interface name: wlan0
2025-05-15T11:49:07.978Z,SSID: , BSSID: 54:f0:b1:bb:f1:32, capabilities: [WPA2-PSK-CCMP][RSN-PSK-CCMP][ESS], level: -91, frequency: 5580, timestamp: 799130115345, distance: ?(cm), distanceSd: ?(cm), passpoint: no, ChannelBandwidth: 2, centerFreq0: 5610, centerFreq1: 0, standard: 11ax, 80211mcResponder: is not supported, Radio Chain Infos: null, interface name: wlan0
2025-05-15T11:49:07.978Z,SSID: "Vivo-Internet-2810", BSSID: 40:1a:58:1c:28:10, capabilities: [WPA-PSK-TKIP+CCMP][WPA2-PSK-TKIP+CCMP][RSN-PSK-TKIP+CCMP][ESS][WPS], level: -77, frequency: 2437, timestamp: 799130361366, distance: ?(cm), distanceSd: ?(cm), passpoint: no, ChannelBandwidth: 0, centerFreq0: 2437, centerFreq1: 0, standard: 11n, 80211mcResponder: is not supported, Radio Chain Infos: null, interface name: wlan0
