datetime_utc,wifi_network
2025-05-15T12:39:27.255Z,SSID: "auxfflch", BSSID: 8c:7a:15:3c:7a:98, capabilities: [ESS], level: -77, frequency: 2437, timestamp: 802194002585, distance: ?(cm), distanceSd: ?(cm), passpoint: no, ChannelBandwidth: 0, centerFreq0: 2437, centerFreq1: 0, standard: 11ax, 80211mcResponder: is not supported, Radio Chain Infos: null, interface name: wlan0
2025-05-15T12:39:27.255Z,SSID: "auxfflch", BSSID: 8c:7a:15:3c:79:78, capabilities: [ESS], level: -77, frequency: 2462, timestamp: 802194002585, distance: ?(cm), distanceSd: ?(cm), passpoint: no, ChannelBandwidth: 0, centerFreq0: 2462, centerFreq1: 0, standard: 11ax, 80211mcResponder: is not supported, Radio Chain Infos: null, interface name: wlan0
2025-05-15T12:39:27.255Z,SSID: "eduroam", BSSID: f0:5c:19:b6:54:42, capabilities: [WPA2-EAP/SHA1-CCMP][RSN-EAP/SHA1-CCMP][ESS], level: -80, frequency: 2412, timestamp: 802194002585, distance: ?(cm), distanceSd: ?(cm), passpoint: no, ChannelBandwidth: 0, centerFreq0: 2412, centerFreq1: 0, standard: 11n, 80211mcResponder: is not supported, Radio Chain Infos: null, interface name: wlan0
2025-05-15T12:39:27.255Z,SSID: "auxfflch", BSSID: 8c:7a:15:3c:78:08, capabilities: [ESS], level: -91, frequency: 2462, timestamp: 802194002585, distance: ?(cm), distanceSd: ?(cm), passpoint: no, ChannelBandwidth: 0, centerFreq0: 2462, centerFreq1: 0, standard: 11ax, 80211mcResponder: is not supported, Radio Chain Infos: null, interface name: wlan0
2025-05-15T12:39:27.255Z,SSID: "auxfflch", BSSID: 8c:7a:15:3c:76:68, capabilities: [ESS], level: -87, frequency: 2462, timestamp: 802194002585, distance: ?(cm), distanceSd: ?(cm), passpoint: no, ChannelBandwidth: 0, centerFreq0: 2462, centerFreq1: 0, standard: 11ax, 80211mcResponder: is not supported, Radio Chain Infos: null, interface name: wlan0
2025-05-15T12:39:27.255Z,SSID: "auxfflch", BSSID: 8c:7a:15:3c:74:18, capabilities: [ESS], level: -85, frequency: 2462, timestamp: 802194002585, distance: ?(cm), distanceSd: ?(cm), passpoint: no, ChannelBandwidth: 0, centerFreq0: 2462, centerFreq1: 0, standard: 11ax, 80211mcResponder: is not supported, Radio Chain Infos: null, interface name: wlan0
2025-05-15T12:39:27.255Z,SSID: "C_006649", BSSID: 04:f0:21:71:aa:80, capabilities: [ESS], level: -78, frequency: 2462, timestamp: 802194002585, distance: ?(cm), distanceSd: ?(cm), passpoint: no, ChannelBandwidth: 1, centerFreq0: 2452, centerFreq1: 0, standard: 11n, 80211mcResponder: is not supported, Radio Chain Infos: null, interface name: wlan0
2025-05-15T12:39:27.255Z,SSID: "eduroam", BSSID: 84:d4:7e:06:2b:82, capabilities: [WPA2-EAP/SHA1-CCMP][RSN-EAP/SHA1-CCMP][ESS], level: -77, frequency: 2412, timestamp: 802194002585, distance: ?(cm), distanceSd: ?(cm), passpoint: no, ChannelBandwidth: 0, centerFreq0: 2412, centerFreq1: 0, standard: 11n, 80211mcResponder: is not supported, Radio Chain Infos: null, interface name: wlan0
2025-05-15T12:39:27.255Z,SSID: "Wi-Fi a bordo", BSSID: 04:f0:21:71:aa:81, capabilities: [ESS], level: -90, frequency: 5745, timestamp: 802194002585, distance: ?(cm), distanceSd: ?(cm), passpoint: no, ChannelBandwidth: 1, centerFreq0: 5755, centerFreq1: 0, standard: 11n, 80211mcResponder: is not supported, Radio Chain Infos: null, interface name: wlan0
2025-05-15T12:39:27.255Z,SSID: "auxfflch", BSSID: c8:84:8c:7e:2e:28, capabilities: [ESS], level: -79, frequency: 2437, timestamp: 802194002585, distance: ?(cm), distanceSd: ?(cm), passpoint: no, ChannelBandwidth: 0, centerFreq0: 2437, centerFreq1: 0, standard: 11ax, 80211mcResponder: is not supported, Radio Chain Infos: null, interface name: wlan0
2025-05-15T12:39:27.255Z,SSID: "restaurante_Italiano", BSSID: c0:25:2f:fb:86:93, capabilities: [WPA-PSK-CCMP][WPA2-PSK-CCMP][RSN-PSK-CCMP][ESS][WPS], level: -96, frequency: 2432, timestamp: 802194002585, distance: ?(cm), distanceSd: ?(cm), passpoint: no, ChannelBandwidth: 0, centerFreq0: 2432, centerFreq1: 0, standard: 11n, 80211mcResponder: is not supported, Radio Chain Infos: null, interface name: wlan0
2025-05-15T12:39:27.255Z,SSID: "auxfflch", BSSID: 8c:7a:15:3c:79:88, capabilities: [ESS], level: -88, frequency: 2437, timestamp: 802194002585, distance: ?(cm), distanceSd: ?(cm), passpoint: no, ChannelBandwidth: 0, centerFreq0: 2437, centerFreq1: 0, standard: 11ax, 80211mcResponder: is not supported, Radio Chain Infos: null, interface name: wlan0
2025-05-15T12:39:27.255Z,SSID: "J7", BSSID: 92:a1:fd:82:68:60, capabilities: [WPA2-PSK-CCMP][RSN-PSK-CCMP][ESS], level: -73, frequency: 2412, timestamp: 802194002585, distance: ?(cm), distanceSd: ?(cm), passpoint: no, ChannelBandwidth: 0, centerFreq0: 2412, centerFreq1: 0, standard: 11n, 80211mcResponder: is not supported, Radio Chain Infos: null, interface name: wlan0
