datetime_utc,wifi_network
2025-05-15T12:36:16.480Z,SSID: "auxfflch", BSSID: 8c:7a:15:3c:7a:98, capabilities: [ESS], level: -87, frequency: 2437, timestamp: 801933323903, distance: ?(cm), distanceSd: ?(cm), passpoint: no, ChannelBandwidth: 0, centerFreq0: 2437, centerFreq1: 0, standard: 11ax, 80211mcResponder: is not supported, Radio Chain Infos: null, interface name: wlan0
2025-05-15T12:36:16.480Z,SSID: "VW_MIB_5350", BSSID: fa:55:cd:69:63:d8, capabilities: [WPA2-PSK-CCMP][RSN-PSK-CCMP][ESS], level: -97, frequency: 5745, timestamp: 801933323903, distance: ?(cm), distanceSd: ?(cm), passpoint: no, ChannelBandwidth: 2, centerFreq0: 5775, centerFreq1: 0, standard: 11ac, 80211mcResponder: is not supported, Radio Chain Infos: null, interface name: wlan0
2025-05-15T12:36:16.480Z,SSID: "eduroam", BSSID: 8c:7a:15:fc:79:28, capabilities: [WPA2-EAP/SHA1+EAP/SHA256-CCMP][RSN-EAP/SHA1+EAP/SHA256-CCMP][ESS][MFPC], level: -86, frequency: 2462, timestamp: 801933323903, distance: ?(cm), distanceSd: ?(cm), passpoint: no, ChannelBandwidth: 0, centerFreq0: 2462, centerFreq1: 0, standard: 11ax, 80211mcResponder: is not supported, Radio Chain Infos: null, interface name: wlan0
2025-05-15T12:36:16.480Z,SSID: "auxfflch", BSSID: 8c:7a:15:3c:79:78, capabilities: [ESS], level: -79, frequency: 2462, timestamp: 801933323903, distance: ?(cm), distanceSd: ?(cm), passpoint: no, ChannelBandwidth: 0, centerFreq0: 2462, centerFreq1: 0, standard: 11ax, 80211mcResponder: is not supported, Radio Chain Infos: null, interface name: wlan0
2025-05-15T12:36:16.480Z,SSID: "eduroam", BSSID: 8c:7a:15:fc:79:8c, capabilities: [WPA2-EAP/SHA1+EAP/SHA256-CCMP][RSN-EAP/SHA1+EAP/SHA256-CCMP][ESS][MFPC], level: -89, frequency: 5785, timestamp: 801933323903, distance: ?(cm), distanceSd: ?(cm), passpoint: no, ChannelBandwidth: 1, centerFreq0: 5795, centerFreq1: 0, standard: 11ax, 80211mcResponder: is not supported, Radio Chain Infos: null, interface name: wlan0
2025-05-15T12:36:16.480Z,SSID: "eduroam", BSSID: f0:5c:19:b6:54:42, capabilities: [WPA2-EAP/SHA1-CCMP][RSN-EAP/SHA1-CCMP][ESS], level: -82, frequency: 2412, timestamp: 801933323903, distance: ?(cm), distanceSd: ?(cm), passpoint: no, ChannelBandwidth: 0, centerFreq0: 2412, centerFreq1: 0, standard: 11n, 80211mcResponder: is not supported, Radio Chain Infos: null, interface name: wlan0
2025-05-15T12:36:16.480Z,SSID: "auxfflch", BSSID: 8c:7a:15:3c:78:08, capabilities: [ESS], level: -92, frequency: 2462, timestamp: 801933323903, distance: ?(cm), distanceSd: ?(cm), passpoint: no, ChannelBandwidth: 0, centerFreq0: 2462, centerFreq1: 0, standard: 11ax, 80211mcResponder: is not supported, Radio Chain Infos: null, interface name: wlan0
2025-05-15T12:36:16.480Z,SSID: "auxfflch", BSSID: 8c:7a:15:3c:75:18, capabilities: [ESS], level: -74, frequency: 2437, timestamp: 801933323903, distance: ?(cm), distanceSd: ?(cm), passpoint: no, ChannelBandwidth: 0, centerFreq0: 2437, centerFreq1: 0, standard: 11ax, 80211mcResponder: is not supported, Radio Chain Infos: null, interface name: wlan0
2025-05-15T12:36:16.480Z,SSID: "auxfflch", BSSID: 8c:7a:15:3c:76:68, capabilities: [ESS], level: -88, frequency: 2462, timestamp: 801933323903, distance: ?(cm), distanceSd: ?(cm), passpoint: no, ChannelBandwidth: 0, centerFreq0: 2462, centerFreq1: 0, standard: 11ax, 80211mcResponder: is not supported, Radio Chain Infos: null, interface name: wlan0
2025-05-15T12:36:16.480Z,SSID: "TP-Link_D620", BSSID: 60:83:e7:c5:d6:20, capabilities: [WPA2-PSK-CCMP][RSN-PSK-CCMP][ESS][WPS], level: -90, frequency: 2422, timestamp: 801933323903, distance: ?(cm), distanceSd: ?(cm), passpoint: no, ChannelBandwidth: 1, centerFreq0: 2432, centerFreq1: 0, standard: 11n, 80211mcResponder: is not supported, Radio Chain Infos: null, interface name: wlan0
2025-05-15T12:36:16.480Z,SSID: "auxfflch", BSSID: 8c:7a:15:3c:79:28, capabilities: [ESS], level: -92, frequency: 2462, timestamp: 801933323903, distance: ?(cm), distanceSd: ?(cm), passpoint: no, ChannelBandwidth: 0, centerFreq0: 2462, centerFreq1: 0, standard: 11ax, 80211mcResponder: is not supported, Radio Chain Infos: null, interface name: wlan0
2025-05-15T12:36:16.480Z,SSID: "eduroam", BSSID: 84:d4:7e:06:2b:82, capabilities: [WPA2-EAP/SHA1-CCMP][RSN-EAP/SHA1-CCMP][ESS], level: -85, frequency: 2412, timestamp: 801933323903, distance: ?(cm), distanceSd: ?(cm), passpoint: no, ChannelBandwidth: 0, centerFreq0: 2412, centerFreq1: 0, standard: 11n, 80211mcResponder: is not supported, Radio Chain Infos: null, interface name: wlan0
2025-05-15T12:36:16.480Z,SSID: "auxfflch", BSSID: c8:84:8c:7e:2e:28, capabilities: [ESS], level: -77, frequency: 2437, timestamp: 801933323903, distance: ?(cm), distanceSd: ?(cm), passpoint: no, ChannelBandwidth: 0, centerFreq0: 2437, centerFreq1: 0, standard: 11ax, 80211mcResponder: is not supported, Radio Chain Infos: null, interface name: wlan0
2025-05-15T12:36:16.480Z,SSID: "auxfflch", BSSID: 8c:7a:15:3c:79:08, capabilities: [ESS], level: -92, frequency: 2412, timestamp: 801933323903, distance: ?(cm), distanceSd: ?(cm), passpoint: no, ChannelBandwidth: 0, centerFreq0: 2412, centerFreq1: 0, standard: 11ax, 80211mcResponder: is not supported, Radio Chain Infos: null, interface name: wlan0
2025-05-15T12:36:16.480Z,SSID: "auxfflch", BSSID: 8c:7a:15:3c:79:8c, capabilities: [ESS], level: -89, frequency: 5785, timestamp: 801933323903, distance: ?(cm), distanceSd: ?(cm), passpoint: no, ChannelBandwidth: 1, centerFreq0: 5795, centerFreq1: 0, standard: 11ax, 80211mcResponder: is not supported, Radio Chain Infos: null, interface name: wlan0
2025-05-15T12:36:16.480Z,SSID: "eduroam", BSSID: 8c:7a:15:fc:79:78, capabilities: [WPA2-EAP/SHA1+EAP/SHA256-CCMP][RSN-EAP/SHA1+EAP/SHA256-CCMP][ESS][MFPC], level: -79, frequency: 2462, timestamp: 801933323903, distance: ?(cm), distanceSd: ?(cm), passpoint: no, ChannelBandwidth: 0, centerFreq0: 2462, centerFreq1: 0, standard: 11ax, 80211mcResponder: is not supported, Radio Chain Infos: null, interface name: wlan0
