datetime_utc,wifi_network
2025-05-15T11:43:29.429Z,SSID: "eduroam", BSSID: 48:4a:e9:cf:40:d0, capabilities: [WPA2-EAP/SHA1-CCMP][RSN-EAP/SHA1-CCMP][ESS], level: -95, frequency: 5745, timestamp: 798409879366, distance: ?(cm), distanceSd: ?(cm), passpoint: no, ChannelBandwidth: 2, centerFreq0: 5775, centerFreq1: 0, standard: 11ac, 80211mcResponder: is not supported, Radio Chain Infos: null, interface name: wlan0
2025-05-15T11:43:29.429Z,SSID: , BSSID: 54:f0:b1:bb:6f:71, capabilities: [WPA2-PSK-CCMP][RSN-PSK-CCMP][ESS], level: -96, frequency: 5580, timestamp: 798408830154, distance: ?(cm), distanceSd: ?(cm), passpoint: no, ChannelBandwidth: 2, centerFreq0: 5610, centerFreq1: 0, standard: 11ax, 80211mcResponder: is not supported, Radio Chain Infos: null, interface name: wlan0
2025-05-15T11:43:29.429Z,SSID: , BSSID: 54:f0:b1:bb:6f:72, capabilities: [WPA2-PSK-CCMP][RSN-PSK-CCMP][ESS], level: -95, frequency: 5580, timestamp: 798408830200, distance: ?(cm), distanceSd: ?(cm), passpoint: no, ChannelBandwidth: 2, centerFreq0: 5610, centerFreq1: 0, standard: 11ax, 80211mcResponder: is not supported, Radio Chain Infos: null, interface name: wlan0
2025-05-15T11:43:29.429Z,SSID: "Configure.Me-10AB90", BSSID: c8:84:8c:d0:ab:93, capabilities: [WPA2-PSK-CCMP][RSN-PSK-CCMP][ESS], level: -87, frequency: 2412, timestamp: 798409879358, distance: ?(cm), distanceSd: ?(cm), passpoint: no, ChannelBandwidth: 0, centerFreq0: 2412, centerFreq1: 0, standard: 11ax, 80211mcResponder: is not supported, Radio Chain Infos: null, interface name: wlan0
2025-05-15T11:43:29.429Z,SSID: , BSSID: 54:f0:b1:bc:03:02, capabilities: [WPA2-PSK-CCMP][RSN-PSK-CCMP][ESS], level: -97, frequency: 5785, timestamp: 798409626138, distance: ?(cm), distanceSd: ?(cm), passpoint: no, ChannelBandwidth: 2, centerFreq0: 5775, centerFreq1: 0, standard: 11ax, 80211mcResponder: is not supported, Radio Chain Infos: null, interface name: wlan0
2025-05-15T11:43:29.429Z,SSID: "eduroam", BSSID: 54:f0:b1:bc:03:00, capabilities: [WPA2-EAP/SHA1-CCMP][RSN-EAP/SHA1-CCMP][ESS], level: -96, frequency: 5785, timestamp: 798409879338, distance: ?(cm), distanceSd: ?(cm), passpoint: no, ChannelBandwidth: 2, centerFreq0: 5775, centerFreq1: 0, standard: 11ax, 80211mcResponder: is not supported, Radio Chain Infos: null, interface name: wlan0
2025-05-15T11:43:29.429Z,SSID: , BSSID: 54:f0:b1:bc:03:01, capabilities: [WPA2-PSK-CCMP][RSN-PSK-CCMP][ESS], level: -96, frequency: 5785, timestamp: 798409626103, distance: ?(cm), distanceSd: ?(cm), passpoint: no, ChannelBandwidth: 2, centerFreq0: 5775, centerFreq1: 0, standard: 11ax, 80211mcResponder: is not supported, Radio Chain Infos: null, interface name: wlan0
2025-05-15T11:43:29.429Z,SSID: "eduroam", BSSID: 8c:7a:15:fc:74:98, capabilities: [WPA2-EAP/SHA1+EAP/SHA256-CCMP][RSN-EAP/SHA1+EAP/SHA256-CCMP][ESS][MFPC], level: -77, frequency: 2412, timestamp: 798409879383, distance: ?(cm), distanceSd: ?(cm), passpoint: no, ChannelBandwidth: 0, centerFreq0: 2412, centerFreq1: 0, standard: 11ax, 80211mcResponder: is not supported, Radio Chain Infos: null, interface name: wlan0
2025-05-15T11:43:29.429Z,SSID: , BSSID: 54:f0:b1:bb:a1:c2, capabilities: [WPA2-PSK-CCMP][RSN-PSK-CCMP][ESS], level: -85, frequency: 2437, timestamp: 798407293991, distance: ?(cm), distanceSd: ?(cm), passpoint: no, ChannelBandwidth: 0, centerFreq0: 2437, centerFreq1: 0, standard: 11ax, 80211mcResponder: is not supported, Radio Chain Infos: null, interface name: wlan0
2025-05-15T11:43:29.429Z,SSID: "eduroam", BSSID: 48:4a:e9:cf:40:c0, capabilities: [WPA2-EAP/SHA1-CCMP][RSN-EAP/SHA1-CCMP][ESS], level: -91, frequency: 2412, timestamp: 798409879325, distance: ?(cm), distanceSd: ?(cm), passpoint: no, ChannelBandwidth: 0, centerFreq0: 2412, centerFreq1: 0, standard: 11n, 80211mcResponder: is not supported, Radio Chain Infos: null, interface name: wlan0
2025-05-15T11:43:29.429Z,SSID: "eduroam", BSSID: 54:f0:b1:bb:a0:60, capabilities: [WPA2-EAP/SHA1-CCMP][RSN-EAP/SHA1-CCMP][ESS], level: -93, frequency: 5180, timestamp: 798409879386, distance: ?(cm), distanceSd: ?(cm), passpoint: no, ChannelBandwidth: 2, centerFreq0: 5210, centerFreq1: 0, standard: 11ax, 80211mcResponder: is not supported, Radio Chain Infos: null, interface name: wlan0
2025-05-15T11:43:29.429Z,SSID: , BSSID: 54:f0:b1:bb:a0:62, capabilities: [WPA2-PSK-CCMP][RSN-PSK-CCMP][ESS], level: -94, frequency: 5180, timestamp: 798407858709, distance: ?(cm), distanceSd: ?(cm), passpoint: no, ChannelBandwidth: 2, centerFreq0: 5210, centerFreq1: 0, standard: 11ax, 80211mcResponder: is not supported, Radio Chain Infos: null, interface name: wlan0
2025-05-15T11:43:29.429Z,SSID: , BSSID: 54:f0:b1:bb:a0:61, capabilities: [WPA2-PSK-CCMP][RSN-PSK-CCMP][ESS], level: -93, frequency: 5180, timestamp: 798407858672, distance: ?(cm), distanceSd: ?(cm), passpoint: no, ChannelBandwidth: 2, centerFreq0: 5210, centerFreq1: 0, standard: 11ax, 80211mcResponder: is not supported, Radio Chain Infos: null, interface name: wlan0
2025-05-15T11:43:29.429Z,SSID: , BSSID: 54:f0:b1:bb:a1:e1, capabilities: [WPA2-PSK-CCMP][RSN-PSK-CCMP][ESS], level: -81, frequency: 5745, timestamp: 798409540694, distance: ?(cm), distanceSd: ?(cm), passpoint: no, ChannelBandwidth: 2, centerFreq0: 5775, centerFreq1: 0, standard: 11ax, 80211mcResponder: is not supported, Radio Chain Infos: null, interface name: wlan0
2025-05-15T11:43:29.429Z,SSID: , BSSID: 54:f0:b1:bb:a1:e2, capabilities: [WPA2-PSK-CCMP][RSN-PSK-CCMP][ESS], level: -81, frequency: 5745, timestamp: 798409540742, distance: ?(cm), distanceSd: ?(cm), passpoint: no, ChannelBandwidth: 2, centerFreq0: 5775, centerFreq1: 0, standard: 11ax, 80211mcResponder: is not supported, Radio Chain Infos: null, interface name: wlan0
2025-05-15T11:43:29.429Z,SSID: "eduroam", BSSID: 54:f0:b1:bb:a1:e0, capabilities: [WPA2-EAP/SHA1-CCMP][RSN-EAP/SHA1-CCMP][ESS], level: -81, frequency: 5745, timestamp: 798409879276, distance: ?(cm), distanceSd: ?(cm), passpoint: no, ChannelBandwidth: 2, centerFreq0: 5775, centerFreq1: 0, standard: 11ax, 80211mcResponder: is not supported, Radio Chain Infos: null, interface name: wlan0
2025-05-15T11:43:29.429Z,SSID: "eduroam", BSSID: 8c:7a:15:fc:74:9c, capabilities: [WPA2-EAP/SHA1+EAP/SHA256-CCMP][RSN-EAP/SHA1+EAP/SHA256-CCMP][ESS][MFPC], level: -92, frequency: 5620, timestamp: 798409879353, distance: ?(cm), distanceSd: ?(cm), passpoint: no, ChannelBandwidth: 1, centerFreq0: 5630, centerFreq1: 0, standard: 11ax, 80211mcResponder: is not supported, Radio Chain Infos: null, interface name: wlan0
2025-05-15T11:43:29.429Z,SSID: "eduroam", BSSID: 54:f0:b1:bb:6f:70, capabilities: [WPA2-EAP/SHA1-CCMP][RSN-EAP/SHA1-CCMP][ESS], level: -96, frequency: 5580, timestamp: 798409879306, distance: ?(cm), distanceSd: ?(cm), passpoint: no, ChannelBandwidth: 2, centerFreq0: 5610, centerFreq1: 0, standard: 11ax, 80211mcResponder: is not supported, Radio Chain Infos: null, interface name: wlan0
2025-05-15T11:43:29.429Z,SSID: "FEAnet", BSSID: 84:d4:7e:9e:0b:21, capabilities: [ESS], level: -92, frequency: 2412, timestamp: 798409879371, distance: ?(cm), distanceSd: ?(cm), passpoint: no, ChannelBandwidth: 0, centerFreq0: 2412, centerFreq1: 0, standard: 11n, 80211mcResponder: is not supported, Radio Chain Infos: null, interface name: wlan0
2025-05-15T11:43:29.429Z,SSID: , BSSID: 8c:7a:15:3c:74:98, capabilities: [WPA2-PSK-CCMP][RSN-PSK-CCMP][ESS], level: -78, frequency: 2412, timestamp: 798406875432, distance: ?(cm), distanceSd: ?(cm), passpoint: no, ChannelBandwidth: 0, centerFreq0: 2412, centerFreq1: 0, standard: 11ax, 80211mcResponder: is not supported, Radio Chain Infos: null, interface name: wlan0
2025-05-15T11:43:29.429Z,SSID: "auxfflch", BSSID: 8c:7a:15:7c:74:98, capabilities: [ESS], level: -78, frequency: 2412, timestamp: 798409879377, distance: ?(cm), distanceSd: ?(cm), passpoint: no, ChannelBandwidth: 0, centerFreq0: 2412, centerFreq1: 0, standard: 11ax, 80211mcResponder: is not supported, Radio Chain Infos: null, interface name: wlan0
2025-05-15T11:43:29.429Z,SSID: , BSSID: 54:f0:b1:bc:05:52, capabilities: [WPA2-PSK-CCMP][RSN-PSK-CCMP][ESS], level: -85, frequency: 2462, timestamp: 798407579215, distance: ?(cm), distanceSd: ?(cm), passpoint: no, ChannelBandwidth: 0, centerFreq0: 2462, centerFreq1: 0, standard: 11ax, 80211mcResponder: is not supported, Radio Chain Infos: null, interface name: wlan0
2025-05-15T11:43:29.429Z,SSID: , BSSID: 54:f0:b1:bc:05:51, capabilities: [WPA2-PSK-CCMP][RSN-PSK-CCMP][ESS], level: -84, frequency: 2462, timestamp: 798407576763, distance: ?(cm), distanceSd: ?(cm), passpoint: no, ChannelBandwidth: 0, centerFreq0: 2462, centerFreq1: 0, standard: 11ax, 80211mcResponder: is not supported, Radio Chain Infos: null, interface name: wlan0
2025-05-15T11:43:29.429Z,SSID: "eduroam", BSSID: 54:f0:b1:bc:05:50, capabilities: [WPA2-EAP/SHA1-CCMP][RSN-EAP/SHA1-CCMP][ESS], level: -84, frequency: 2462, timestamp: 798409879298, distance: ?(cm), distanceSd: ?(cm), passpoint: no, ChannelBandwidth: 0, centerFreq0: 2462, centerFreq1: 0, standard: 11ax, 80211mcResponder: is not supported, Radio Chain Infos: null, interface name: wlan0
2025-05-15T11:43:29.429Z,SSID: , BSSID: 54:f0:b1:bc:8a:c1, capabilities: [WPA2-PSK-CCMP][RSN-PSK-CCMP][ESS], level: -92, frequency: 5220, timestamp: 798408010262, distance: ?(cm), distanceSd: ?(cm), passpoint: no, ChannelBandwidth: 2, centerFreq0: 5210, centerFreq1: 0, standard: 11ax, 80211mcResponder: is not supported, Radio Chain Infos: null, interface name: wlan0
2025-05-15T11:43:29.429Z,SSID: , BSSID: 8c:7a:15:3c:74:9c, capabilities: [WPA2-PSK-CCMP][RSN-PSK-CCMP][ESS], level: -91, frequency: 5620, timestamp: 798409023701, distance: ?(cm), distanceSd: ?(cm), passpoint: no, ChannelBandwidth: 1, centerFreq0: 5630, centerFreq1: 0, standard: 11ax, 80211mcResponder: is not supported, Radio Chain Infos: null, interface name: wlan0
2025-05-15T11:43:29.429Z,SSID: , BSSID: 54:f0:b1:bc:8a:c2, capabilities: [WPA2-PSK-CCMP][RSN-PSK-CCMP][ESS], level: -92, frequency: 5220, timestamp: 798408010402, distance: ?(cm), distanceSd: ?(cm), passpoint: no, ChannelBandwidth: 2, centerFreq0: 5210, centerFreq1: 0, standard: 11ax, 80211mcResponder: is not supported, Radio Chain Infos: null, interface name: wlan0
2025-05-15T11:43:29.429Z,SSID: "auxfflch", BSSID: 8c:7a:15:7c:74:9c, capabilities: [ESS], level: -94, frequency: 5620, timestamp: 798409879346, distance: ?(cm), distanceSd: ?(cm), passpoint: no, ChannelBandwidth: 1, centerFreq0: 5630, centerFreq1: 0, standard: 11ax, 80211mcResponder: is not supported, Radio Chain Infos: null, interface name: wlan0
2025-05-15T11:43:29.429Z,SSID: "eduroam", BSSID: 54:f0:b1:bc:8a:c0, capabilities: [WPA2-EAP/SHA1-CCMP][RSN-EAP/SHA1-CCMP][ESS], level: -92, frequency: 5220, timestamp: 798409879333, distance: ?(cm), distanceSd: ?(cm), passpoint: no, ChannelBandwidth: 2, centerFreq0: 5210, centerFreq1: 0, standard: 11ax, 80211mcResponder: is not supported, Radio Chain Infos: null, interface name: wlan0
2025-05-15T11:43:29.429Z,SSID: , BSSID: 8c:7a:15:3c:7c:e8, capabilities: [WPA2-PSK-CCMP][RSN-PSK-CCMP][ESS], level: -83, frequency: 2462, timestamp: 798407513523, distance: ?(cm), distanceSd: ?(cm), passpoint: no, ChannelBandwidth: 0, centerFreq0: 2462, centerFreq1: 0, standard: 11ax, 80211mcResponder: is not supported, Radio Chain Infos: null, interface name: wlan0
2025-05-15T11:43:29.429Z,SSID: , BSSID: 54:f0:b1:bc:05:72, capabilities: [WPA2-PSK-CCMP][RSN-PSK-CCMP][ESS], level: -90, frequency: 5580, timestamp: 798408802070, distance: ?(cm), distanceSd: ?(cm), passpoint: no, ChannelBandwidth: 2, centerFreq0: 5610, centerFreq1: 0, standard: 11ax, 80211mcResponder: is not supported, Radio Chain Infos: null, interface name: wlan0
2025-05-15T11:43:29.429Z,SSID: , BSSID: 54:f0:b1:bc:05:71, capabilities: [WPA2-PSK-CCMP][RSN-PSK-CCMP][ESS], level: -91, frequency: 5580, timestamp: 798408801081, distance: ?(cm), distanceSd: ?(cm), passpoint: no, ChannelBandwidth: 2, centerFreq0: 5610, centerFreq1: 0, standard: 11ax, 80211mcResponder: is not supported, Radio Chain Infos: null, interface name: wlan0
2025-05-15T11:43:29.429Z,SSID: , BSSID: 54:f0:b1:bb:4c:f1, capabilities: [WPA2-PSK-CCMP][RSN-PSK-CCMP][ESS], level: -86, frequency: 5500, timestamp: 798408514833, distance: ?(cm), distanceSd: ?(cm), passpoint: no, ChannelBandwidth: 2, centerFreq0: 5530, centerFreq1: 0, standard: 11ax, 80211mcResponder: is not supported, Radio Chain Infos: null, interface name: wlan0
2025-05-15T11:43:29.429Z,SSID: "eduroam", BSSID: 54:f0:b1:bc:05:70, capabilities: [WPA2-EAP/SHA1-CCMP][RSN-EAP/SHA1-CCMP][ESS], level: -91, frequency: 5580, timestamp: 798409879313, distance: ?(cm), distanceSd: ?(cm), passpoint: no, ChannelBandwidth: 2, centerFreq0: 5610, centerFreq1: 0, standard: 11ax, 80211mcResponder: is not supported, Radio Chain Infos: null, interface name: wlan0
2025-05-15T11:43:29.429Z,SSID: , BSSID: 54:f0:b1:bb:4c:f2, capabilities: [WPA2-PSK-CCMP][RSN-PSK-CCMP][ESS], level: -86, frequency: 5500, timestamp: 798408514858, distance: ?(cm), distanceSd: ?(cm), passpoint: no, ChannelBandwidth: 2, centerFreq0: 5530, centerFreq1: 0, standard: 11ax, 80211mcResponder: is not supported, Radio Chain Infos: null, interface name: wlan0
2025-05-15T11:43:29.429Z,SSID: "eduroam", BSSID: 54:f0:b1:bb:4c:f0, capabilities: [WPA2-EAP/SHA1-CCMP][RSN-EAP/SHA1-CCMP][ESS], level: -86, frequency: 5500, timestamp: 798409879320, distance: ?(cm), distanceSd: ?(cm), passpoint: no, ChannelBandwidth: 2, centerFreq0: 5530, centerFreq1: 0, standard: 11ax, 80211mcResponder: is not supported, Radio Chain Infos: null, interface name: wlan0
