datetime_utc,wifi_network
2025-05-15T12:22:26.140Z,SSID: "eduroam", BSSID: 8c:7a:15:fc:7a:d8, capabilities: [WPA2-EAP/SHA1+EAP/SHA256-CCMP][RSN-EAP/SHA1+EAP/SHA256-CCMP][ESS][MFPC], level: -76, frequency: 2412, timestamp: 801158699590, distance: ?(cm), distanceSd: ?(cm), passpoint: no, ChannelBandwidth: 0, centerFreq0: 2412, centerFreq1: 0, standard: 11ax, 80211mcResponder: is not supported, Radio Chain Infos: null, interface name: wlan0
2025-05-15T12:22:26.140Z,SSID: "eduroam", BSSID: 8c:7a:15:fc:78:48, capabilities: [WPA2-EAP/SHA1+EAP/SHA256-CCMP][RSN-EAP/SHA1+EAP/SHA256-CCMP][ESS][MFPC], level: -89, frequency: 2437, timestamp: 801158699590, distance: ?(cm), distanceSd: ?(cm), passpoint: no, ChannelBandwidth: 0, centerFreq0: 2437, centerFreq1: 0, standard: 11ax, 80211mcResponder: is not supported, Radio Chain Infos: null, interface name: wlan0
2025-05-15T12:22:26.140Z,SSID: "auxfflch", BSSID: 8c:7a:15:3c:78:78, capabilities: [ESS], level: -74, frequency: 2412, timestamp: 801158699590, distance: ?(cm), distanceSd: ?(cm), passpoint: no, ChannelBandwidth: 0, centerFreq0: 2412, centerFreq1: 0, standard: 11ax, 80211mcResponder: is not supported, Radio Chain Infos: null, interface name: wlan0
2025-05-15T12:22:26.140Z,SSID: "eduroam", BSSID: 8c:7a:15:fc:78:78, capabilities: [WPA2-EAP/SHA1+EAP/SHA256-CCMP][RSN-EAP/SHA1+EAP/SHA256-CCMP][ESS][MFPC], level: -77, frequency: 2412, timestamp: 801158699590, distance: ?(cm), distanceSd: ?(cm), passpoint: no, ChannelBandwidth: 0, centerFreq0: 2412, centerFreq1: 0, standard: 11ax, 80211mcResponder: is not supported, Radio Chain Infos: null, interface name: wlan0
2025-05-15T12:22:26.140Z,SSID: "iPhone de Christiane", BSSID: 96:5e:fb:3d:c4:27, capabilities: [WPA2-PSK-CCMP][RSN-PSK-CCMP][ESS], level: -86, frequency: 2412, timestamp: 801158699590, distance: ?(cm), distanceSd: ?(cm), passpoint: no, ChannelBandwidth: 0, centerFreq0: 2412, centerFreq1: 0, standard: 11ax, 80211mcResponder: is not supported, Radio Chain Infos: null, interface name: wlan0
2025-05-15T12:22:26.140Z,SSID: "auxfflch", BSSID: 8c:7a:15:3c:75:18, capabilities: [ESS], level: -75, frequency: 2437, timestamp: 801158699590, distance: ?(cm), distanceSd: ?(cm), passpoint: no, ChannelBandwidth: 0, centerFreq0: 2437, centerFreq1: 0, standard: 11ax, 80211mcResponder: is not supported, Radio Chain Infos: null, interface name: wlan0
2025-05-15T12:22:26.140Z,SSID: "auxfflch", BSSID: 8c:7a:15:3c:79:58, capabilities: [ESS], level: -82, frequency: 2412, timestamp: 801158699590, distance: ?(cm), distanceSd: ?(cm), passpoint: no, ChannelBandwidth: 0, centerFreq0: 2412, centerFreq1: 0, standard: 11ax, 80211mcResponder: is not supported, Radio Chain Infos: null, interface name: wlan0
2025-05-15T12:22:26.140Z,SSID: "auxfflch", BSSID: 8c:7a:15:3c:74:18, capabilities: [ESS], level: -78, frequency: 2462, timestamp: 801158699590, distance: ?(cm), distanceSd: ?(cm), passpoint: no, ChannelBandwidth: 0, centerFreq0: 2462, centerFreq1: 0, standard: 11ax, 80211mcResponder: is not supported, Radio Chain Infos: null, interface name: wlan0
2025-05-15T12:22:26.140Z,SSID: "auxfflch", BSSID: 8c:7a:15:3c:76:e8, capabilities: [ESS], level: -82, frequency: 2437, timestamp: 801158699590, distance: ?(cm), distanceSd: ?(cm), passpoint: no, ChannelBandwidth: 0, centerFreq0: 2437, centerFreq1: 0, standard: 11ax, 80211mcResponder: is not supported, Radio Chain Infos: null, interface name: wlan0
2025-05-15T12:22:26.140Z,SSID: "eduroam", BSSID: 84:d4:7e:06:2b:82, capabilities: [WPA2-EAP/SHA1-CCMP][RSN-EAP/SHA1-CCMP][ESS], level: -81, frequency: 2412, timestamp: 801158699590, distance: ?(cm), distanceSd: ?(cm), passpoint: no, ChannelBandwidth: 0, centerFreq0: 2412, centerFreq1: 0, standard: 11n, 80211mcResponder: is not supported, Radio Chain Infos: null, interface name: wlan0
2025-05-15T12:22:26.140Z,SSID: "eduroam", BSSID: 8c:7a:15:fc:79:58, capabilities: [WPA2-EAP/SHA1+EAP/SHA256-CCMP][RSN-EAP/SHA1+EAP/SHA256-CCMP][ESS][MFPC], level: -84, frequency: 2412, timestamp: 801158699590, distance: ?(cm), distanceSd: ?(cm), passpoint: no, ChannelBandwidth: 0, centerFreq0: 2412, centerFreq1: 0, standard: 11ax, 80211mcResponder: is not supported, Radio Chain Infos: null, interface name: wlan0
2025-05-15T12:22:26.140Z,SSID: "auxfflch", BSSID: 8c:7a:15:3c:7a:dc, capabilities: [ESS], level: -92, frequency: 5200, timestamp: 801158699590, distance: ?(cm), distanceSd: ?(cm), passpoint: no, ChannelBandwidth: 1, centerFreq0: 5190, centerFreq1: 0, standard: 11ax, 80211mcResponder: is not supported, Radio Chain Infos: null, interface name: wlan0
2025-05-15T12:22:26.140Z,SSID: "auxfflch", BSSID: 8c:7a:15:3c:7c:f8, capabilities: [ESS], level: -93, frequency: 2437, timestamp: 801158699590, distance: ?(cm), distanceSd: ?(cm), passpoint: no, ChannelBandwidth: 0, centerFreq0: 2437, centerFreq1: 0, standard: 11ax, 80211mcResponder: is not supported, Radio Chain Infos: null, interface name: wlan0
2025-05-15T12:22:26.140Z,SSID: "auxfflch", BSSID: 8c:7a:15:3c:7a:d8, capabilities: [ESS], level: -77, frequency: 2412, timestamp: 801158699590, distance: ?(cm), distanceSd: ?(cm), passpoint: no, ChannelBandwidth: 0, centerFreq0: 2412, centerFreq1: 0, standard: 11ax, 80211mcResponder: is not supported, Radio Chain Infos: null, interface name: wlan0
2025-05-15T12:22:26.140Z,SSID: "auxfflch", BSSID: 8c:7a:15:3c:78:48, capabilities: [ESS], level: -88, frequency: 2437, timestamp: 801158699590, distance: ?(cm), distanceSd: ?(cm), passpoint: no, ChannelBandwidth: 0, centerFreq0: 2437, centerFreq1: 0, standard: 11ax, 80211mcResponder: is not supported, Radio Chain Infos: null, interface name: wlan0
