datetime_utc,wifi_network
2025-05-15T12:00:08.869Z,SSID: , BSSID: 54:f0:b1:bc:03:02, capabilities: [WPA2-PSK-CCMP][RSN-PSK-CCMP][ESS], level: -87, frequency: 5785, timestamp: 799807424177, distance: ?(cm), distanceSd: ?(cm), passpoint: no, ChannelBandwidth: 2, centerFreq0: 5775, centerFreq1: 0, standard: 11ax, 80211mcResponder: is not supported, Radio Chain Infos: null, interface name: wlan0
2025-05-15T12:00:08.869Z,SSID: "eduroam", BSSID: 54:f0:b1:bc:03:00, capabilities: [WPA2-EAP/SHA1-CCMP][RSN-EAP/SHA1-CCMP][ESS], level: -87, frequency: 5785, timestamp: 799807424707, distance: ?(cm), distanceSd: ?(cm), passpoint: no, ChannelBandwidth: 2, centerFreq0: 5775, centerFreq1: 0, standard: 11ax, 80211mcResponder: is not supported, Radio Chain Infos: null, interface name: wlan0
2025-05-15T12:00:08.869Z,SSID: , BSSID: 54:f0:b1:bc:03:01, capabilities: [WPA2-PSK-CCMP][RSN-PSK-CCMP][ESS], level: -87, frequency: 5785, timestamp: 799807424118, distance: ?(cm), distanceSd: ?(cm), passpoint: no, ChannelBandwidth: 2, centerFreq0: 5775, centerFreq1: 0, standard: 11ax, 80211mcResponder: is not supported, Radio Chain Infos: null, interface name: wlan0
2025-05-15T12:00:08.869Z,SSID: "eduroam", BSSID: 54:f0:b1:bb:a1:c0, capabilities: [WPA2-EAP/SHA1-CCMP][RSN-EAP/SHA1-CCMP][ESS], level: -84, frequency: 2437, timestamp: 799807424733, distance: ?(cm), distanceSd: ?(cm), passpoint: no, ChannelBandwidth: 0, centerFreq0: 2437, centerFreq1: 0, standard: 11ax, 80211mcResponder: is not supported, Radio Chain Infos: null, interface name: wlan0
2025-05-15T12:00:08.869Z,SSID: "eduroam", BSSID: 54:f0:b1:bb:a0:60, capabilities: [WPA2-EAP/SHA1-CCMP][RSN-EAP/SHA1-CCMP][ESS], level: -83, frequency: 5180, timestamp: 799807424720, distance: ?(cm), distanceSd: ?(cm), passpoint: no, ChannelBandwidth: 2, centerFreq0: 5210, centerFreq1: 0, standard: 11ax, 80211mcResponder: is not supported, Radio Chain Infos: null, interface name: wlan0
2025-05-15T12:00:08.869Z,SSID: , BSSID: 54:f0:b1:bb:a0:62, capabilities: [WPA2-PSK-CCMP][RSN-PSK-CCMP][ESS], level: -84, frequency: 5180, timestamp: 799807184066, distance: ?(cm), distanceSd: ?(cm), passpoint: no, ChannelBandwidth: 2, centerFreq0: 5210, centerFreq1: 0, standard: 11ax, 80211mcResponder: is not supported, Radio Chain Infos: null, interface name: wlan0
2025-05-15T12:00:08.869Z,SSID: , BSSID: 54:f0:b1:bb:a0:61, capabilities: [WPA2-PSK-CCMP][RSN-PSK-CCMP][ESS], level: -83, frequency: 5180, timestamp: 799807184032, distance: ?(cm), distanceSd: ?(cm), passpoint: no, ChannelBandwidth: 2, centerFreq0: 5210, centerFreq1: 0, standard: 11ax, 80211mcResponder: is not supported, Radio Chain Infos: null, interface name: wlan0
2025-05-15T12:00:08.869Z,SSID: , BSSID: 54:f0:b1:bb:a1:e1, capabilities: [WPA2-PSK-CCMP][RSN-PSK-CCMP][ESS], level: -85, frequency: 5745, timestamp: 799807334386, distance: ?(cm), distanceSd: ?(cm), passpoint: no, ChannelBandwidth: 2, centerFreq0: 5775, centerFreq1: 0, standard: 11ax, 80211mcResponder: is not supported, Radio Chain Infos: null, interface name: wlan0
2025-05-15T12:00:08.869Z,SSID: , BSSID: 54:f0:b1:bb:a1:e2, capabilities: [WPA2-PSK-CCMP][RSN-PSK-CCMP][ESS], level: -85, frequency: 5745, timestamp: 799807335224, distance: ?(cm), distanceSd: ?(cm), passpoint: no, ChannelBandwidth: 2, centerFreq0: 5775, centerFreq1: 0, standard: 11ax, 80211mcResponder: is not supported, Radio Chain Infos: null, interface name: wlan0
2025-05-15T12:00:08.869Z,SSID: "eduroam", BSSID: 54:f0:b1:bb:a1:e0, capabilities: [WPA2-EAP/SHA1-CCMP][RSN-EAP/SHA1-CCMP][ESS], level: -82, frequency: 5745, timestamp: 799807424684, distance: ?(cm), distanceSd: ?(cm), passpoint: no, ChannelBandwidth: 2, centerFreq0: 5775, centerFreq1: 0, standard: 11ax, 80211mcResponder: is not supported, Radio Chain Infos: null, interface name: wlan0
2025-05-15T12:00:08.869Z,SSID: "IK", BSSID: d4:6e:0e:7c:3f:00, capabilities: [WPA2-PSK-CCMP][RSN-PSK-CCMP][WPA-PSK-CCMP][ESS][WPS], level: -89, frequency: 2462, timestamp: 799807424750, distance: ?(cm), distanceSd: ?(cm), passpoint: no, ChannelBandwidth: 1, centerFreq0: 2452, centerFreq1: 0, standard: 11n, 80211mcResponder: is not supported, Radio Chain Infos: null, interface name: wlan0
2025-05-15T12:00:08.869Z,SSID: "eduroam", BSSID: 84:d4:7e:06:6e:82, capabilities: [WPA2-EAP/SHA1-CCMP][RSN-EAP/SHA1-CCMP][ESS], level: -86, frequency: 2462, timestamp: 799807424724, distance: ?(cm), distanceSd: ?(cm), passpoint: no, ChannelBandwidth: 0, centerFreq0: 2462, centerFreq1: 0, standard: 11n, 80211mcResponder: is not supported, Radio Chain Infos: null, interface name: wlan0
2025-05-15T12:00:08.869Z,SSID: , BSSID: 8c:7a:15:3c:7c:e8, capabilities: [WPA2-PSK-CCMP][RSN-PSK-CCMP][ESS], level: -91, frequency: 2462, timestamp: 799807062109, distance: ?(cm), distanceSd: ?(cm), passpoint: no, ChannelBandwidth: 0, centerFreq0: 2462, centerFreq1: 0, standard: 11ax, 80211mcResponder: is not supported, Radio Chain Infos: null, interface name: wlan0
2025-05-15T12:00:08.869Z,SSID: "Vivo-Internet-2810", BSSID: 40:1a:58:1c:28:10, capabilities: [WPA-PSK-TKIP+CCMP][WPA2-PSK-TKIP+CCMP][RSN-PSK-TKIP+CCMP][ESS][WPS], level: -82, frequency: 2437, timestamp: 799807424746, distance: ?(cm), distanceSd: ?(cm), passpoint: no, ChannelBandwidth: 0, centerFreq0: 2437, centerFreq1: 0, standard: 11n, 80211mcResponder: is not supported, Radio Chain Infos: null, interface name: wlan0
