datetime_utc,wifi_network
2025-05-15T12:38:09.136Z,SSID: , BSSID: c8:84:8c:7e:30:b8, capabilities: [WPA2-PSK-CCMP][RSN-PSK-CCMP][ESS], level: -87, frequency: 2437, timestamp: 802091676105, distance: ?(cm), distanceSd: ?(cm), passpoint: no, ChannelBandwidth: 0, centerFreq0: 2437, centerFreq1: 0, standard: 11ax, 80211mcResponder: is not supported, Radio Chain Infos: null, interface name: wlan0
2025-05-15T12:38:09.136Z,SSID: "auxfflch", BSSID: 8c:7a:15:3c:7a:98, capabilities: [ESS], level: -87, frequency: 2437, timestamp: 802091991410, distance: ?(cm), distanceSd: ?(cm), passpoint: no, ChannelBandwidth: 0, centerFreq0: 2437, centerFreq1: 0, standard: 11ax, 80211mcResponder: is not supported, Radio Chain Infos: null, interface name: wlan0
2025-05-15T12:38:09.136Z,SSID: "MyWiFi9319", BSSID: fa:25:fe:16:90:02, capabilities: [WPA2-PSK-CCMP][RSN-PSK-CCMP][ESS][WPS], level: -86, frequency: 2412, timestamp: 802091991397, distance: ?(cm), distanceSd: ?(cm), passpoint: no, ChannelBandwidth: 0, centerFreq0: 2412, centerFreq1: 0, standard: 11n, 80211mcResponder: is not supported, Radio Chain Infos: null, interface name: wlan0
2025-05-15T12:38:09.136Z,SSID: "auxfflch", BSSID: 8c:7a:15:3c:79:78, capabilities: [ESS], level: -78, frequency: 2462, timestamp: 802091991391, distance: ?(cm), distanceSd: ?(cm), passpoint: no, ChannelBandwidth: 0, centerFreq0: 2462, centerFreq1: 0, standard: 11ax, 80211mcResponder: is not supported, Radio Chain Infos: null, interface name: wlan0
2025-05-15T12:38:09.136Z,SSID: "eduroam", BSSID: f0:5c:19:b6:54:42, capabilities: [WPA2-EAP/SHA1-CCMP][RSN-EAP/SHA1-CCMP][ESS], level: -82, frequency: 2412, timestamp: 802091991333, distance: ?(cm), distanceSd: ?(cm), passpoint: no, ChannelBandwidth: 0, centerFreq0: 2412, centerFreq1: 0, standard: 11n, 80211mcResponder: is not supported, Radio Chain Infos: null, interface name: wlan0
2025-05-15T12:38:09.136Z,SSID: "auxfflch", BSSID: 8c:7a:15:3c:75:18, capabilities: [ESS], level: -69, frequency: 2437, timestamp: 802091991383, distance: ?(cm), distanceSd: ?(cm), passpoint: no, ChannelBandwidth: 0, centerFreq0: 2437, centerFreq1: 0, standard: 11ax, 80211mcResponder: is not supported, Radio Chain Infos: null, interface name: wlan0
2025-05-15T12:38:09.136Z,SSID: "auxfflch", BSSID: 8c:7a:15:3c:79:58, capabilities: [ESS], level: -85, frequency: 2412, timestamp: 802091991402, distance: ?(cm), distanceSd: ?(cm), passpoint: no, ChannelBandwidth: 0, centerFreq0: 2412, centerFreq1: 0, standard: 11ax, 80211mcResponder: is not supported, Radio Chain Infos: null, interface name: wlan0
2025-05-15T12:38:09.136Z,SSID: "auxfflch", BSSID: 8c:7a:15:3c:74:18, capabilities: [ESS], level: -75, frequency: 2462, timestamp: 802091991419, distance: ?(cm), distanceSd: ?(cm), passpoint: no, ChannelBandwidth: 0, centerFreq0: 2462, centerFreq1: 0, standard: 11ax, 80211mcResponder: is not supported, Radio Chain Infos: null, interface name: wlan0
2025-05-15T12:38:09.136Z,SSID: "Biblioteca-visitantes", BSSID: c8:84:8c:fe:30:b8, capabilities: [ESS], level: -87, frequency: 2437, timestamp: 802091991414, distance: ?(cm), distanceSd: ?(cm), passpoint: no, ChannelBandwidth: 0, centerFreq0: 2437, centerFreq1: 0, standard: 11ax, 80211mcResponder: is not supported, Radio Chain Infos: null, interface name: wlan0
2025-05-15T12:38:09.136Z,SSID: "auxfflch", BSSID: c8:84:8c:be:30:b8, capabilities: [ESS], level: -88, frequency: 2437, timestamp: 802091991405, distance: ?(cm), distanceSd: ?(cm), passpoint: no, ChannelBandwidth: 0, centerFreq0: 2437, centerFreq1: 0, standard: 11ax, 80211mcResponder: is not supported, Radio Chain Infos: null, interface name: wlan0
2025-05-15T12:38:09.136Z,SSID: "eduroam", BSSID: 8c:7a:15:fc:79:78, capabilities: [WPA2-EAP/SHA1+EAP/SHA256-CCMP][RSN-EAP/SHA1+EAP/SHA256-CCMP][ESS][MFPC], level: -75, frequency: 2462, timestamp: 802091991351, distance: ?(cm), distanceSd: ?(cm), passpoint: no, ChannelBandwidth: 0, centerFreq0: 2462, centerFreq1: 0, standard: 11ax, 80211mcResponder: is not supported, Radio Chain Infos: null, interface name: wlan0
