{"preferences":{"zip":false,"consumption_interval":1,"magnetometer":true,"audio_channels":"2","camera_lens_facing_use_front":false,"consumption":true,"gps":true,"audio_sampling_rate":"44100","camera_resolution":"4","network_interval":30,"gyroscope":true,"network":true,"bg_startup_tracing":false,"gps_interval":15,"sensors":true,"light":true,"gravity":true,"extra":true,"accelerometer":true,"camera":"0_1_2560x1440@10","audio_encoding_bit_rate":"128000","sensors_delay":"0"},"time":{"buttonStartDateTime":"2025-05-15T11:57:06.798Z","buttonStopDateTime":"2025-05-15T11:57:29.967Z","mediaStartDateTime":"2025-05-15T11:57:06.972Z","mediaStopDateTime":"2025-05-15T11:57:30.327Z"},"deviceStartAngle":"70.36°","device":{"model":"SM-A325M","manufacturer":"samsung","androidVersion":33,"screen":{"screenWidthPixels":1080,"screenHeightPixels":2194,"screenDensity":2.625,"screenDpi":420},"sensors":{"LSM6DSL Accelerometer":{"type":1,"id":0,"min_delay":5000,"max_delay":160000,"resolution":0.0023942017,"power":0.15,"version":15932},"AK09918C Magnetometer":{"type":2,"id":0,"min_delay":10000,"max_delay":160000,"resolution":0.06,"power":1.1,"version":1},"LSM6DSL Gyroscope":{"type":4,"id":0,"min_delay":5000,"max_delay":160000,"resolution":6.1086525E-4,"power":0.65,"version":1},"STK31610 Light":{"type":5,"id":0,"min_delay":200000,"max_delay":200000,"resolution":1,"power":0.75,"version":1000},"AK09918C Magnetometer Uncalibrated":{"type":14,"id":0,"min_delay":10000,"max_delay":160000,"resolution":0.06,"power":1.1,"version":1},"LSM6DSL Gyroscope Uncalibrated":{"type":16,"id":0,"min_delay":5000,"max_delay":160000,"resolution":6.1086525E-4,"power":0.65,"version":1},"Significant Motion":{"type":17,"id":0,"min_delay":-1,"max_delay":0,"resolution":1,"power":0.16,"version":2},"Step Detector":{"type":18,"id":0,"min_delay":0,"max_delay":0,"resolution":1,"power":0.16,"version":1},"Step Counter":{"type":19,"id":0,"min_delay":0,"max_delay":0,"resolution":1,"power":0.16,"version":1},"Tilt Detector":{"type":22,"id":0,"min_delay":0,"max_delay":0,"resolution":1,"power":0.16,"version":1},"Pick Up Gesture":{"type":25,"id":0,"min_delay":-1,"max_delay":0,"resolution":1,"power":0.16,"version":1},"Device Orientataion":{"type":27,"id":0,"min_delay":0,"max_delay":0,"resolution":1,"power":0.16,"version":16},"Interrupt Gyroscope":{"type":65579,"id":0,"min_delay":20000,"max_delay":20000,"resolution":6.1086525E-4,"power":0.65,"version":1},"Scontext":{"type":65586,"id":0,"min_delay":0,"max_delay":20000,"resolution":0,"power":0.001,"version":2},"STK31610 Light CCT":{"type":65587,"id":0,"min_delay":200000,"max_delay":200000,"resolution":1,"power":0.75,"version":1000},"Call Gesture":{"type":65594,"id":0,"min_delay":0,"max_delay":0,"resolution":1,"power":0.65,"version":1},"Wake Up Motion":{"type":65590,"id":0,"min_delay":0,"max_delay":0,"resolution":1,"power":0.16,"version":2},"STK31610 Auto Brightness Sensor":{"type":65601,"id":0,"min_delay":200000,"max_delay":200000,"resolution":1,"power":0.75,"version":1},"VDIS Gyroscope":{"type":65607,"id":0,"min_delay":10000,"max_delay":10000,"resolution":6.1086525E-4,"power":0.65,"version":1},"Pro Tos Motion":{"type":65613,"id":0,"min_delay":0,"max_delay":0,"resolution":1,"power":0.16,"version":1},"Flip Cover Detector":{"type":65639,"id":0,"min_delay":240000,"max_delay":240000,"resolution":1,"power":0.16,"version":1},"Device Orientataion Wake Up":{"type":27,"id":0,"min_delay":0,"max_delay":0,"resolution":1,"power":0.16,"version":16},"SBM":{"type":65643,"id":0,"min_delay":-1,"max_delay":0,"resolution":1,"power":0.16,"version":1},"Hover Proximity":{"type":65599,"id":0,"min_delay":0,"max_delay":0,"resolution":1,"power":0.75,"version":3},"Touch Pocket":{"type":65610,"id":0,"min_delay":0,"max_delay":0,"resolution":1,"power":0.75,"version":1},"Samsung Hall IC":{"type":65600,"id":0,"min_delay":0,"max_delay":0,"resolution":1,"power":0.75,"version":1},"ISG5320A Grip sensor":{"type":65560,"id":0,"min_delay":0,"max_delay":200000,"resolution":5,"power":0.75,"version":1025},"ISG5320A_SUB Grip sensor for sub":{"type":65560,"id":0,"min_delay":0,"max_delay":200000,"resolution":5,"power":0.75,"version":1025},"Grip Notifier Sensor":{"type":65645,"id":0,"min_delay":0,"max_delay":0,"resolution":5,"power":0.75,"version":1},"Motion Sensor":{"type":65559,"id":0,"min_delay":0,"max_delay":0,"resolution":0,"power":0,"version":1},"Ear Hover Proximity Sensor (ProToS)":{"type":8,"id":0,"min_delay":0,"max_delay":0,"resolution":1,"power":0.75,"version":1},"Camera Light Sensor":{"type":65604,"id":0,"min_delay":200000,"max_delay":0,"resolution":1,"power":0.75,"version":1},"Samsung Game Rotation Vector Sensor":{"type":15,"id":0,"min_delay":10000,"max_delay":0,"resolution":5.9604645E-8,"power":1.9,"version":1},"Samsung Gravity Sensor":{"type":9,"id":0,"min_delay":10000,"max_delay":0,"resolution":0.0023942017,"power":1.9,"version":1},"Samsung Linear Acceleration Sensor":{"type":10,"id":0,"min_delay":10000,"max_delay":0,"resolution":0.0023942017,"power":1.9,"version":1},"Samsung Rotation Vector Sensor":{"type":11,"id":0,"min_delay":10000,"max_delay":0,"resolution":5.9604645E-8,"power":1.9,"version":3},"Samsung Orientation Sensor":{"type":3,"id":0,"min_delay":10000,"max_delay":0,"resolution":0.00390625,"power":1.9,"version":1}}}}