datetime_utc,wifi_network
2025-05-15T11:58:07.376Z,SSID: "eduroam", BSSID: 54:f0:b1:bc:03:00, capabilities: [WPA2-EAP/SHA1-CCMP][RSN-EAP/SHA1-CCMP][ESS], level: -85, frequency: 5785, timestamp: 799689653712, distance: ?(cm), distanceSd: ?(cm), passpoint: no, ChannelBandwidth: 2, centerFreq0: 5775, centerFreq1: 0, standard: 11ax, 80211mcResponder: is not supported, Radio Chain Infos: null, interface name: wlan0
2025-05-15T11:58:07.376Z,SSID: "eduroam", BSSID: 54:f0:b1:bb:a0:60, capabilities: [WPA2-EAP/SHA1-CCMP][RSN-EAP/SHA1-CCMP][ESS], level: -86, frequency: 5180, timestamp: 799689653720, distance: ?(cm), distanceSd: ?(cm), passpoint: no, ChannelBandwidth: 2, centerFreq0: 5210, centerFreq1: 0, standard: 11ax, 80211mcResponder: is not supported, Radio Chain Infos: null, interface name: wlan0
2025-05-15T11:58:07.376Z,SSID: , BSSID: 54:f0:b1:bb:a1:e1, capabilities: [WPA2-PSK-CCMP][RSN-PSK-CCMP][ESS], level: -81, frequency: 5745, timestamp: 799689581358, distance: ?(cm), distanceSd: ?(cm), passpoint: no, ChannelBandwidth: 2, centerFreq0: 5775, centerFreq1: 0, standard: 11ax, 80211mcResponder: is not supported, Radio Chain Infos: null, interface name: wlan0
2025-05-15T11:58:07.376Z,SSID: , BSSID: 54:f0:b1:bb:a1:e2, capabilities: [WPA2-PSK-CCMP][RSN-PSK-CCMP][ESS], level: -81, frequency: 5745, timestamp: 799689581403, distance: ?(cm), distanceSd: ?(cm), passpoint: no, ChannelBandwidth: 2, centerFreq0: 5775, centerFreq1: 0, standard: 11ax, 80211mcResponder: is not supported, Radio Chain Infos: null, interface name: wlan0
2025-05-15T11:58:07.376Z,SSID: "eduroam", BSSID: 54:f0:b1:bb:a1:e0, capabilities: [WPA2-EAP/SHA1-CCMP][RSN-EAP/SHA1-CCMP][ESS], level: -79, frequency: 5745, timestamp: 799689653680, distance: ?(cm), distanceSd: ?(cm), passpoint: no, ChannelBandwidth: 2, centerFreq0: 5775, centerFreq1: 0, standard: 11ax, 80211mcResponder: is not supported, Radio Chain Infos: null, interface name: wlan0
2025-05-15T11:58:07.376Z,SSID: "Lena", BSSID: 4e:c9:00:87:6d:a0, capabilities: [WPA2-PSK-CCMP][RSN-PSK-CCMP][ESS][WPS], level: -91, frequency: 2437, timestamp: 799689653736, distance: ?(cm), distanceSd: ?(cm), passpoint: no, ChannelBandwidth: 0, centerFreq0: 2437, centerFreq1: 0, standard: 11n, 80211mcResponder: is not supported, Radio Chain Infos: null, interface name: wlan0
2025-05-15T11:58:07.376Z,SSID: "IK", BSSID: d4:6e:0e:7c:3f:00, capabilities: [WPA2-PSK-CCMP][RSN-PSK-CCMP][WPA-PSK-CCMP][ESS][WPS], level: -86, frequency: 2462, timestamp: 799689653740, distance: ?(cm), distanceSd: ?(cm), passpoint: no, ChannelBandwidth: 1, centerFreq0: 2452, centerFreq1: 0, standard: 11n, 80211mcResponder: is not supported, Radio Chain Infos: null, interface name: wlan0
2025-05-15T11:58:07.376Z,SSID: , BSSID: 54:f0:b1:bc:02:e2, capabilities: [WPA2-PSK-CCMP][RSN-PSK-CCMP][ESS], level: -92, frequency: 2462, timestamp: 799689263669, distance: ?(cm), distanceSd: ?(cm), passpoint: no, ChannelBandwidth: 0, centerFreq0: 2462, centerFreq1: 0, standard: 11ax, 80211mcResponder: is not supported, Radio Chain Infos: null, interface name: wlan0
2025-05-15T11:58:07.376Z,SSID: , BSSID: 54:f0:b1:bb:4c:d1, capabilities: [WPA2-PSK-CCMP][RSN-PSK-CCMP][ESS], level: -85, frequency: 2462, timestamp: 799689272467, distance: ?(cm), distanceSd: ?(cm), passpoint: no, ChannelBandwidth: 0, centerFreq0: 2462, centerFreq1: 0, standard: 11ax, 80211mcResponder: is not supported, Radio Chain Infos: null, interface name: wlan0
2025-05-15T11:58:07.376Z,SSID: , BSSID: 54:f0:b1:bb:4c:d2, capabilities: [WPA2-PSK-CCMP][RSN-PSK-CCMP][ESS], level: -85, frequency: 2462, timestamp: 799689274764, distance: ?(cm), distanceSd: ?(cm), passpoint: no, ChannelBandwidth: 0, centerFreq0: 2462, centerFreq1: 0, standard: 11ax, 80211mcResponder: is not supported, Radio Chain Infos: null, interface name: wlan0
2025-05-15T11:58:07.376Z,SSID: "eduroam", BSSID: 54:f0:b1:bb:4c:d0, capabilities: [WPA2-EAP/SHA1-CCMP][RSN-EAP/SHA1-CCMP][ESS], level: -85, frequency: 2462, timestamp: 799689653702, distance: ?(cm), distanceSd: ?(cm), passpoint: no, ChannelBandwidth: 0, centerFreq0: 2462, centerFreq1: 0, standard: 11ax, 80211mcResponder: is not supported, Radio Chain Infos: null, interface name: wlan0
2025-05-15T11:58:07.376Z,SSID: "Vivo-Internet-2810", BSSID: 40:1a:58:1c:28:10, capabilities: [WPA-PSK-TKIP+CCMP][WPA2-PSK-TKIP+CCMP][RSN-PSK-TKIP+CCMP][ESS][WPS], level: -74, frequency: 2437, timestamp: 799689653732, distance: ?(cm), distanceSd: ?(cm), passpoint: no, ChannelBandwidth: 0, centerFreq0: 2437, centerFreq1: 0, standard: 11n, 80211mcResponder: is not supported, Radio Chain Infos: null, interface name: wlan0
