datetime_utc,wifi_network
2025-05-15T11:59:05.807Z,SSID: "eduroam", BSSID: 54:f0:b1:bc:03:00, capabilities: [WPA2-EAP/SHA1-CCMP][RSN-EAP/SHA1-CCMP][ESS], level: -85, frequency: 5785, timestamp: 799734019775, distance: ?(cm), distanceSd: ?(cm), passpoint: no, ChannelBandwidth: 2, centerFreq0: 5775, centerFreq1: 0, standard: 11ax, 80211mcResponder: is not supported, Radio Chain Infos: null, interface name: wlan0
2025-05-15T11:59:05.807Z,SSID: "eduroam", BSSID: 54:f0:b1:bb:a1:c0, capabilities: [WPA2-EAP/SHA1-CCMP][RSN-EAP/SHA1-CCMP][ESS], level: -85, frequency: 2437, timestamp: 799734019775, distance: ?(cm), distanceSd: ?(cm), passpoint: no, ChannelBandwidth: 0, centerFreq0: 2437, centerFreq1: 0, standard: 11ax, 80211mcResponder: is not supported, Radio Chain Infos: null, interface name: wlan0
2025-05-15T11:59:05.807Z,SSID: , BSSID: 54:f0:b1:bb:a1:c1, capabilities: [WPA2-PSK-CCMP][RSN-PSK-CCMP][ESS], level: -87, frequency: 2437, timestamp: 799734019775, distance: ?(cm), distanceSd: ?(cm), passpoint: no, ChannelBandwidth: 0, centerFreq0: 2437, centerFreq1: 0, standard: 11ax, 80211mcResponder: is not supported, Radio Chain Infos: null, interface name: wlan0
2025-05-15T11:59:05.807Z,SSID: , BSSID: 8c:7a:15:3c:7c:38, capabilities: [WPA2-PSK-CCMP][RSN-PSK-CCMP][ESS], level: -84, frequency: 2462, timestamp: 799734019775, distance: ?(cm), distanceSd: ?(cm), passpoint: no, ChannelBandwidth: 0, centerFreq0: 2462, centerFreq1: 0, standard: 11ax, 80211mcResponder: is not supported, Radio Chain Infos: null, interface name: wlan0
2025-05-15T11:59:05.807Z,SSID: , BSSID: 54:f0:b1:bb:a1:c2, capabilities: [WPA2-PSK-CCMP][RSN-PSK-CCMP][ESS], level: -87, frequency: 2437, timestamp: 799734019775, distance: ?(cm), distanceSd: ?(cm), passpoint: no, ChannelBandwidth: 0, centerFreq0: 2437, centerFreq1: 0, standard: 11ax, 80211mcResponder: is not supported, Radio Chain Infos: null, interface name: wlan0
2025-05-15T11:59:05.807Z,SSID: "eduroam", BSSID: 54:f0:b1:bb:a0:60, capabilities: [WPA2-EAP/SHA1-CCMP][RSN-EAP/SHA1-CCMP][ESS], level: -92, frequency: 5180, timestamp: 799734019775, distance: ?(cm), distanceSd: ?(cm), passpoint: no, ChannelBandwidth: 2, centerFreq0: 5210, centerFreq1: 0, standard: 11ax, 80211mcResponder: is not supported, Radio Chain Infos: null, interface name: wlan0
2025-05-15T11:59:05.807Z,SSID: "auxfflch", BSSID: 8c:7a:15:3c:7b:e8, capabilities: [ESS], level: -86, frequency: 2462, timestamp: 799734019775, distance: ?(cm), distanceSd: ?(cm), passpoint: no, ChannelBandwidth: 0, centerFreq0: 2462, centerFreq1: 0, standard: 11ax, 80211mcResponder: is not supported, Radio Chain Infos: null, interface name: wlan0
2025-05-15T11:59:05.807Z,SSID: , BSSID: 54:f0:b1:bb:a1:e1, capabilities: [WPA2-PSK-CCMP][RSN-PSK-CCMP][ESS], level: -81, frequency: 5745, timestamp: 799734019775, distance: ?(cm), distanceSd: ?(cm), passpoint: no, ChannelBandwidth: 2, centerFreq0: 5775, centerFreq1: 0, standard: 11ax, 80211mcResponder: is not supported, Radio Chain Infos: null, interface name: wlan0
2025-05-15T11:59:05.807Z,SSID: , BSSID: 54:f0:b1:bb:a1:e2, capabilities: [WPA2-PSK-CCMP][RSN-PSK-CCMP][ESS], level: -80, frequency: 5745, timestamp: 799734019775, distance: ?(cm), distanceSd: ?(cm), passpoint: no, ChannelBandwidth: 2, centerFreq0: 5775, centerFreq1: 0, standard: 11ax, 80211mcResponder: is not supported, Radio Chain Infos: null, interface name: wlan0
2025-05-15T11:59:05.807Z,SSID: "eduroam", BSSID: 54:f0:b1:bb:a1:e0, capabilities: [WPA2-EAP/SHA1-CCMP][RSN-EAP/SHA1-CCMP][ESS], level: -80, frequency: 5745, timestamp: 799734019775, distance: ?(cm), distanceSd: ?(cm), passpoint: no, ChannelBandwidth: 2, centerFreq0: 5775, centerFreq1: 0, standard: 11ax, 80211mcResponder: is not supported, Radio Chain Infos: null, interface name: wlan0
2025-05-15T11:59:05.807Z,SSID: "Lena", BSSID: 4e:c9:00:87:6d:a0, capabilities: [WPA2-PSK-CCMP][RSN-PSK-CCMP][ESS][WPS], level: -91, frequency: 2437, timestamp: 799734019775, distance: ?(cm), distanceSd: ?(cm), passpoint: no, ChannelBandwidth: 0, centerFreq0: 2437, centerFreq1: 0, standard: 11n, 80211mcResponder: is not supported, Radio Chain Infos: null, interface name: wlan0
2025-05-15T11:59:05.807Z,SSID: "eduroam", BSSID: 84:d4:7e:06:6e:82, capabilities: [WPA2-EAP/SHA1-CCMP][RSN-EAP/SHA1-CCMP][ESS], level: -90, frequency: 2462, timestamp: 799734019775, distance: ?(cm), distanceSd: ?(cm), passpoint: no, ChannelBandwidth: 0, centerFreq0: 2462, centerFreq1: 0, standard: 11n, 80211mcResponder: is not supported, Radio Chain Infos: null, interface name: wlan0
2025-05-15T11:59:05.807Z,SSID: , BSSID: 8c:7a:15:3c:7c:88, capabilities: [WPA2-PSK-CCMP][RSN-PSK-CCMP][ESS], level: -87, frequency: 2412, timestamp: 799734019775, distance: ?(cm), distanceSd: ?(cm), passpoint: no, ChannelBandwidth: 0, centerFreq0: 2412, centerFreq1: 0, standard: 11ax, 80211mcResponder: is not supported, Radio Chain Infos: null, interface name: wlan0
2025-05-15T11:59:05.807Z,SSID: "eduroam", BSSID: 84:d4:7e:9e:0b:20, capabilities: [WPA2-EAP/SHA1-CCMP][RSN-EAP/SHA1-CCMP][ESS], level: -91, frequency: 2412, timestamp: 799734019775, distance: ?(cm), distanceSd: ?(cm), passpoint: no, ChannelBandwidth: 0, centerFreq0: 2412, centerFreq1: 0, standard: 11n, 80211mcResponder: is not supported, Radio Chain Infos: null, interface name: wlan0
2025-05-15T11:59:05.807Z,SSID: "eduroam", BSSID: 8c:7a:15:fc:7b:e8, capabilities: [WPA2-EAP/SHA1+EAP/SHA256-CCMP][RSN-EAP/SHA1+EAP/SHA256-CCMP][ESS][MFPC], level: -85, frequency: 2462, timestamp: 799734019775, distance: ?(cm), distanceSd: ?(cm), passpoint: no, ChannelBandwidth: 0, centerFreq0: 2462, centerFreq1: 0, standard: 11ax, 80211mcResponder: is not supported, Radio Chain Infos: null, interface name: wlan0
2025-05-15T11:59:05.807Z,SSID: , BSSID: 8c:7a:15:3c:7c:e8, capabilities: [WPA2-PSK-CCMP][RSN-PSK-CCMP][ESS], level: -86, frequency: 2462, timestamp: 799734019775, distance: ?(cm), distanceSd: ?(cm), passpoint: no, ChannelBandwidth: 0, centerFreq0: 2462, centerFreq1: 0, standard: 11ax, 80211mcResponder: is not supported, Radio Chain Infos: null, interface name: wlan0
2025-05-15T11:59:05.807Z,SSID: "Vivo-Internet-2810", BSSID: 40:1a:58:1c:28:10, capabilities: [WPA-PSK-TKIP+CCMP][WPA2-PSK-TKIP+CCMP][RSN-PSK-TKIP+CCMP][ESS][WPS], level: -84, frequency: 2437, timestamp: 799734019775, distance: ?(cm), distanceSd: ?(cm), passpoint: no, ChannelBandwidth: 0, centerFreq0: 2437, centerFreq1: 0, standard: 11n, 80211mcResponder: is not supported, Radio Chain Infos: null, interface name: wlan0
