datetime_utc,cellular_network
2025-05-15T12:28:49.573Z,CellInfoWcdma:{mRegistered=YES mTimeStamp=801574782459538ns mCellConnectionStatus=0 CellIdentityWcdma:{ mLac=5***1 mCid=7*****06 mPsc=253 mUarfcn=3069 mMcc=724 mMnc=03 mAlphaLong=TIM mAlphaShort=TIM mAdditionalPlmns={} mCsgInfo=null} CellSignalStrengthWcdma: ss=-103 ber=0 rscp=-24 ecno=0 level=1}
2025-05-15T12:28:49.573Z,CellInfoWcdma:{mRegistered=NO mTimeStamp=801574782459538ns mCellConnectionStatus=0 CellIdentityWcdma:{ mLac=5***1 mCid=7*****07 mPsc=261 mUarfcn=3069 mMcc=724 mMnc=03 mAlphaLong=TIM mAlphaShort=TIM mAdditionalPlmns={} mCsgInfo=null} CellSignalStrengthWcdma: ss=-109 ber=0 rscp=-24 ecno=0 level=0}
2025-05-15T12:28:49.573Z,CellInfoLte:{mRegistered=YES mTimeStamp=422734221187282ns mCellConnectionStatus=0 CellIdentityLte:{ mCi=2*****78 mPci=109 mTac=4***1 mEarfcn=1576 mBands=[3] mBandwidth=2147483647 mMcc=724 mMnc=05 mAlphaLong=Claro mAlphaShort=Claro mAdditionalPlmns={} mCsgInfo=null} CellSignalStrengthLte: rssi=-93 rsrp=-111 rsrq=-17 rssnr=0 cqiTableIndex=2147483647 cqi=2147483647 ta=0 level=1 parametersUseForLevel=0 android.telephony.CellConfigLte :{ isEndcAvailable = false }}
2025-05-15T12:29:19.585Z,CellInfoWcdma:{mRegistered=YES mTimeStamp=801590733641693ns mCellConnectionStatus=0 CellIdentityWcdma:{ mLac=5***1 mCid=7*****06 mPsc=253 mUarfcn=3069 mMcc=724 mMnc=03 mAlphaLong=TIM mAlphaShort=TIM mAdditionalPlmns={} mCsgInfo=null} CellSignalStrengthWcdma: ss=-103 ber=0 rscp=-24 ecno=0 level=1}
2025-05-15T12:29:19.585Z,CellInfoWcdma:{mRegistered=NO mTimeStamp=801590733641693ns mCellConnectionStatus=0 CellIdentityWcdma:{ mLac=5***1 mCid=7*****07 mPsc=261 mUarfcn=3069 mMcc=724 mMnc=03 mAlphaLong=TIM mAlphaShort=TIM mAdditionalPlmns={} mCsgInfo=null} CellSignalStrengthWcdma: ss=-109 ber=0 rscp=-24 ecno=0 level=0}
2025-05-15T12:29:19.585Z,CellInfoLte:{mRegistered=YES mTimeStamp=422734221187282ns mCellConnectionStatus=0 CellIdentityLte:{ mCi=2*****78 mPci=109 mTac=4***1 mEarfcn=1576 mBands=[3] mBandwidth=2147483647 mMcc=724 mMnc=05 mAlphaLong=Claro mAlphaShort=Claro mAdditionalPlmns={} mCsgInfo=null} CellSignalStrengthLte: rssi=-93 rsrp=-111 rsrq=-17 rssnr=0 cqiTableIndex=2147483647 cqi=2147483647 ta=0 level=1 parametersUseForLevel=0 android.telephony.CellConfigLte :{ isEndcAvailable = false }}
