datetime_utc,wifi_network
2025-05-15T12:28:49.078Z,SSID: "auxfflch", BSSID: 8c:7a:15:3c:79:78, capabilities: [ESS], level: -72, frequency: 2462, timestamp: 801364481418, distance: ?(cm), distanceSd: ?(cm), passpoint: no, ChannelBandwidth: 0, centerFreq0: 2462, centerFreq1: 0, standard: 11ax, 80211mcResponder: is not supported, Radio Chain Infos: null, interface name: wlan0
2025-05-15T12:28:49.078Z,SSID: "auxfflch", BSSID: 8c:7a:15:3c:78:78, capabilities: [ESS], level: -76, frequency: 2412, timestamp: 801364481433, distance: ?(cm), distanceSd: ?(cm), passpoint: no, ChannelBandwidth: 0, centerFreq0: 2412, centerFreq1: 0, standard: 11ax, 80211mcResponder: is not supported, Radio Chain Infos: null, interface name: wlan0
2025-05-15T12:28:49.078Z,SSID: "iPhone de Christiane", BSSID: 96:5e:fb:3d:c4:27, capabilities: [WPA2-PSK-CCMP][RSN-PSK-CCMP][ESS], level: -91, frequency: 2412, timestamp: 801364481429, distance: ?(cm), distanceSd: ?(cm), passpoint: no, ChannelBandwidth: 0, centerFreq0: 2412, centerFreq1: 0, standard: 11ax, 80211mcResponder: is not supported, Radio Chain Infos: null, interface name: wlan0
2025-05-15T12:28:49.078Z,SSID: "auxfflch", BSSID: 8c:7a:15:3c:76:68, capabilities: [ESS], level: -88, frequency: 2462, timestamp: 801364481439, distance: ?(cm), distanceSd: ?(cm), passpoint: no, ChannelBandwidth: 0, centerFreq0: 2462, centerFreq1: 0, standard: 11ax, 80211mcResponder: is not supported, Radio Chain Infos: null, interface name: wlan0
2025-05-15T12:28:49.078Z,SSID: "auxfflch", BSSID: 8c:7a:15:3c:74:18, capabilities: [ESS], level: -73, frequency: 2462, timestamp: 801364481436, distance: ?(cm), distanceSd: ?(cm), passpoint: no, ChannelBandwidth: 0, centerFreq0: 2462, centerFreq1: 0, standard: 11ax, 80211mcResponder: is not supported, Radio Chain Infos: null, interface name: wlan0
2025-05-15T12:28:49.078Z,SSID: "eduroam", BSSID: 8c:7a:15:fc:75:18, capabilities: [WPA2-EAP/SHA1+EAP/SHA256-CCMP][RSN-EAP/SHA1+EAP/SHA256-CCMP][ESS][MFPC], level: -69, frequency: 2437, timestamp: 801364481383, distance: ?(cm), distanceSd: ?(cm), passpoint: no, ChannelBandwidth: 0, centerFreq0: 2437, centerFreq1: 0, standard: 11ax, 80211mcResponder: is not supported, Radio Chain Infos: null, interface name: wlan0
2025-05-15T12:28:49.078Z,SSID: "auxfflch", BSSID: 8c:7a:15:3c:78:48, capabilities: [ESS], level: -82, frequency: 2412, timestamp: 801364481425, distance: ?(cm), distanceSd: ?(cm), passpoint: no, ChannelBandwidth: 0, centerFreq0: 2412, centerFreq1: 0, standard: 11ax, 80211mcResponder: is not supported, Radio Chain Infos: null, interface name: wlan0
2025-05-15T12:28:49.078Z,SSID: "eduroam", BSSID: 8c:7a:15:fc:79:78, capabilities: [WPA2-EAP/SHA1+EAP/SHA256-CCMP][RSN-EAP/SHA1+EAP/SHA256-CCMP][ESS][MFPC], level: -74, frequency: 2462, timestamp: 801364481397, distance: ?(cm), distanceSd: ?(cm), passpoint: no, ChannelBandwidth: 0, centerFreq0: 2462, centerFreq1: 0, standard: 11ax, 80211mcResponder: is not supported, Radio Chain Infos: null, interface name: wlan0
2025-05-15T12:29:19.107Z,SSID: "eduroam", BSSID: 8c:7a:15:fc:74:18, capabilities: [WPA2-EAP/SHA1+EAP/SHA256-CCMP][RSN-EAP/SHA1+EAP/SHA256-CCMP][ESS][MFPC], level: -81, frequency: 2462, timestamp: 801591231226, distance: ?(cm), distanceSd: ?(cm), passpoint: no, ChannelBandwidth: 0, centerFreq0: 2462, centerFreq1: 0, standard: 11ax, 80211mcResponder: is not supported, Radio Chain Infos: null, interface name: wlan0
2025-05-15T12:29:19.107Z,SSID: "eduroam", BSSID: 8c:7a:15:fc:7a:28, capabilities: [WPA2-EAP/SHA1+EAP/SHA256-CCMP][RSN-EAP/SHA1+EAP/SHA256-CCMP][ESS][MFPC], level: -83, frequency: 2462, timestamp: 801591231218, distance: ?(cm), distanceSd: ?(cm), passpoint: no, ChannelBandwidth: 0, centerFreq0: 2462, centerFreq1: 0, standard: 11ax, 80211mcResponder: is not supported, Radio Chain Infos: null, interface name: wlan0
2025-05-15T12:29:19.107Z,SSID: "eduroam", BSSID: f0:5c:19:b6:54:42, capabilities: [WPA2-EAP/SHA1-CCMP][RSN-EAP/SHA1-CCMP][ESS], level: -85, frequency: 2412, timestamp: 801591231202, distance: ?(cm), distanceSd: ?(cm), passpoint: no, ChannelBandwidth: 0, centerFreq0: 2412, centerFreq1: 0, standard: 11n, 80211mcResponder: is not supported, Radio Chain Infos: null, interface name: wlan0
2025-05-15T12:29:19.107Z,SSID: "auxfflch", BSSID: 8c:7a:15:3c:78:08, capabilities: [ESS], level: -87, frequency: 2462, timestamp: 801591231279, distance: ?(cm), distanceSd: ?(cm), passpoint: no, ChannelBandwidth: 0, centerFreq0: 2462, centerFreq1: 0, standard: 11ax, 80211mcResponder: is not supported, Radio Chain Infos: null, interface name: wlan0
2025-05-15T12:29:19.107Z,SSID: "auxfflch", BSSID: 8c:7a:15:3c:76:38, capabilities: [ESS], level: -82, frequency: 2462, timestamp: 801591231275, distance: ?(cm), distanceSd: ?(cm), passpoint: no, ChannelBandwidth: 0, centerFreq0: 2462, centerFreq1: 0, standard: 11ax, 80211mcResponder: is not supported, Radio Chain Infos: null, interface name: wlan0
2025-05-15T12:29:19.107Z,SSID: "auxfflch", BSSID: 8c:7a:15:3c:79:28, capabilities: [ESS], level: -85, frequency: 2462, timestamp: 801591231270, distance: ?(cm), distanceSd: ?(cm), passpoint: no, ChannelBandwidth: 0, centerFreq0: 2462, centerFreq1: 0, standard: 11ax, 80211mcResponder: is not supported, Radio Chain Infos: null, interface name: wlan0
2025-05-15T12:29:19.107Z,SSID: "eduroam", BSSID: 84:d4:7e:06:2b:82, capabilities: [WPA2-EAP/SHA1-CCMP][RSN-EAP/SHA1-CCMP][ESS], level: -87, frequency: 2412, timestamp: 801591231240, distance: ?(cm), distanceSd: ?(cm), passpoint: no, ChannelBandwidth: 0, centerFreq0: 2412, centerFreq1: 0, standard: 11n, 80211mcResponder: is not supported, Radio Chain Infos: null, interface name: wlan0
2025-05-15T12:29:19.107Z,SSID: "auxfflch", BSSID: c8:84:8c:7e:2e:28, capabilities: [ESS], level: -87, frequency: 2462, timestamp: 801591231254, distance: ?(cm), distanceSd: ?(cm), passpoint: no, ChannelBandwidth: 0, centerFreq0: 2462, centerFreq1: 0, standard: 11ax, 80211mcResponder: is not supported, Radio Chain Infos: null, interface name: wlan0
2025-05-15T12:29:19.107Z,SSID: "auxfflch", BSSID: 8c:7a:15:3c:7a:28, capabilities: [ESS], level: -80, frequency: 2462, timestamp: 801591231247, distance: ?(cm), distanceSd: ?(cm), passpoint: no, ChannelBandwidth: 0, centerFreq0: 2462, centerFreq1: 0, standard: 11ax, 80211mcResponder: is not supported, Radio Chain Infos: null, interface name: wlan0
2025-05-15T12:29:19.107Z,SSID: "auxfflch", BSSID: 8c:7a:15:3c:79:7c, capabilities: [ESS], level: -94, frequency: 5580, timestamp: 801591231282, distance: ?(cm), distanceSd: ?(cm), passpoint: no, ChannelBandwidth: 1, centerFreq0: 5590, centerFreq1: 0, standard: 11ax, 80211mcResponder: is not supported, Radio Chain Infos: null, interface name: wlan0
2025-05-15T12:29:19.107Z,SSID: "DC 31024ef4", BSSID: 64:82:14:4b:4e:f4, capabilities: [WPA2-PSK-CCMP][RSN-PSK-CCMP][ESS], level: -83, frequency: 2412, timestamp: 801591231262, distance: ?(cm), distanceSd: ?(cm), passpoint: no, ChannelBandwidth: 0, centerFreq0: 2412, centerFreq1: 0, standard: 11n, 80211mcResponder: is not supported, Radio Chain Infos: null, interface name: wlan0
2025-05-15T12:29:19.107Z,SSID: "auxfflch", BSSID: 8c:7a:15:3c:7a:d8, capabilities: [ESS], level: -79, frequency: 2412, timestamp: 801591231266, distance: ?(cm), distanceSd: ?(cm), passpoint: no, ChannelBandwidth: 0, centerFreq0: 2412, centerFreq1: 0, standard: 11ax, 80211mcResponder: is not supported, Radio Chain Infos: null, interface name: wlan0
2025-05-15T12:29:19.107Z,SSID: "Wi-Fi a bordo", BSSID: 44:34:8f:0b:36:51, capabilities: [ESS], level: -89, frequency: 2412, timestamp: 801591231259, distance: ?(cm), distanceSd: ?(cm), passpoint: no, ChannelBandwidth: 0, centerFreq0: 2412, centerFreq1: 0, standard: 11n, 80211mcResponder: is not supported, Radio Chain Infos: null, interface name: wlan0
2025-05-15T12:29:19.107Z,SSID: "eduroam", BSSID: 8c:7a:15:fc:79:7c, capabilities: [WPA2-EAP/SHA1+EAP/SHA256-CCMP][RSN-EAP/SHA1+EAP/SHA256-CCMP][ESS][MFPC], level: -93, frequency: 5580, timestamp: 801591231286, distance: ?(cm), distanceSd: ?(cm), passpoint: no, ChannelBandwidth: 1, centerFreq0: 5590, centerFreq1: 0, standard: 11ax, 80211mcResponder: is not supported, Radio Chain Infos: null, interface name: wlan0
