datetime_utc,wifi_network
2025-05-15T11:46:09.822Z,SSID: "eduroam", BSSID: 54:f0:b1:bc:03:00, capabilities: [WPA2-EAP/SHA1-CCMP][RSN-EAP/SHA1-CCMP][ESS], level: -88, frequency: 5785, timestamp: 798873012196, distance: ?(cm), distanceSd: ?(cm), passpoint: no, ChannelBandwidth: 2, centerFreq0: 5775, centerFreq1: 0, standard: 11ax, 80211mcResponder: is not supported, Radio Chain Infos: null, interface name: wlan0
2025-05-15T11:46:09.822Z,SSID: , BSSID: 54:f0:b1:bb:a1:c1, capabilities: [WPA2-PSK-CCMP][RSN-PSK-CCMP][ESS], level: -94, frequency: 2437, timestamp: 798872575336, distance: ?(cm), distanceSd: ?(cm), passpoint: no, ChannelBandwidth: 0, centerFreq0: 2437, centerFreq1: 0, standard: 11ax, 80211mcResponder: is not supported, Radio Chain Infos: null, interface name: wlan0
2025-05-15T11:46:09.822Z,SSID: "Wi-Fi a bordo 5G", BSSID: 44:34:8f:0b:59:2f, capabilities: [ESS], level: -99, frequency: 5745, timestamp: 798873012227, distance: ?(cm), distanceSd: ?(cm), passpoint: no, ChannelBandwidth: 2, centerFreq0: 5775, centerFreq1: 0, standard: 11ac, 80211mcResponder: is not supported, Radio Chain Infos: null, interface name: wlan0
2025-05-15T11:46:09.822Z,SSID: "eduroam", BSSID: 54:f0:b1:bb:a0:60, capabilities: [WPA2-EAP/SHA1-CCMP][RSN-EAP/SHA1-CCMP][ESS], level: -87, frequency: 5180, timestamp: 798873012203, distance: ?(cm), distanceSd: ?(cm), passpoint: no, ChannelBandwidth: 2, centerFreq0: 5210, centerFreq1: 0, standard: 11ax, 80211mcResponder: is not supported, Radio Chain Infos: null, interface name: wlan0
2025-05-15T11:46:09.822Z,SSID: , BSSID: 54:f0:b1:bb:a0:62, capabilities: [WPA2-PSK-CCMP][RSN-PSK-CCMP][ESS], level: -87, frequency: 5180, timestamp: 798872731346, distance: ?(cm), distanceSd: ?(cm), passpoint: no, ChannelBandwidth: 2, centerFreq0: 5210, centerFreq1: 0, standard: 11ax, 80211mcResponder: is not supported, Radio Chain Infos: null, interface name: wlan0
2025-05-15T11:46:09.822Z,SSID: , BSSID: 54:f0:b1:bb:a0:61, capabilities: [WPA2-PSK-CCMP][RSN-PSK-CCMP][ESS], level: -87, frequency: 5180, timestamp: 798872731306, distance: ?(cm), distanceSd: ?(cm), passpoint: no, ChannelBandwidth: 2, centerFreq0: 5210, centerFreq1: 0, standard: 11ax, 80211mcResponder: is not supported, Radio Chain Infos: null, interface name: wlan0
2025-05-15T11:46:09.822Z,SSID: "eduroam", BSSID: 54:f0:b1:bb:a1:e0, capabilities: [WPA2-EAP/SHA1-CCMP][RSN-EAP/SHA1-CCMP][ESS], level: -77, frequency: 5745, timestamp: 798873012172, distance: ?(cm), distanceSd: ?(cm), passpoint: no, ChannelBandwidth: 2, centerFreq0: 5775, centerFreq1: 0, standard: 11ax, 80211mcResponder: is not supported, Radio Chain Infos: null, interface name: wlan0
2025-05-15T11:46:09.822Z,SSID: "eduroam", BSSID: 84:d4:7e:06:6e:82, capabilities: [WPA2-EAP/SHA1-CCMP][RSN-EAP/SHA1-CCMP][ESS], level: -92, frequency: 2462, timestamp: 798873012208, distance: ?(cm), distanceSd: ?(cm), passpoint: no, ChannelBandwidth: 0, centerFreq0: 2462, centerFreq1: 0, standard: 11n, 80211mcResponder: is not supported, Radio Chain Infos: null, interface name: wlan0
2025-05-15T11:46:09.822Z,SSID: "eduroam", BSSID: 54:f0:b1:bb:f1:30, capabilities: [WPA2-EAP/SHA1-CCMP][RSN-EAP/SHA1-CCMP][ESS], level: -94, frequency: 5580, timestamp: 798873012220, distance: ?(cm), distanceSd: ?(cm), passpoint: no, ChannelBandwidth: 2, centerFreq0: 5610, centerFreq1: 0, standard: 11ax, 80211mcResponder: is not supported, Radio Chain Infos: null, interface name: wlan0
2025-05-15T11:46:09.822Z,SSID: , BSSID: 54:f0:b1:bb:f1:31, capabilities: [WPA2-PSK-CCMP][RSN-PSK-CCMP][ESS], level: -94, frequency: 5580, timestamp: 798872796791, distance: ?(cm), distanceSd: ?(cm), passpoint: no, ChannelBandwidth: 2, centerFreq0: 5610, centerFreq1: 0, standard: 11ax, 80211mcResponder: is not supported, Radio Chain Infos: null, interface name: wlan0
2025-05-15T11:46:09.822Z,SSID: , BSSID: 54:f0:b1:bb:f1:32, capabilities: [WPA2-PSK-CCMP][RSN-PSK-CCMP][ESS], level: -94, frequency: 5580, timestamp: 798872796846, distance: ?(cm), distanceSd: ?(cm), passpoint: no, ChannelBandwidth: 2, centerFreq0: 5610, centerFreq1: 0, standard: 11ax, 80211mcResponder: is not supported, Radio Chain Infos: null, interface name: wlan0
2025-05-15T11:46:09.822Z,SSID: "eduroam", BSSID: 54:f0:b1:bb:4c:d0, capabilities: [WPA2-EAP/SHA1-CCMP][RSN-EAP/SHA1-CCMP][ESS], level: -86, frequency: 2462, timestamp: 798873012188, distance: ?(cm), distanceSd: ?(cm), passpoint: no, ChannelBandwidth: 0, centerFreq0: 2462, centerFreq1: 0, standard: 11ax, 80211mcResponder: is not supported, Radio Chain Infos: null, interface name: wlan0
2025-05-15T11:46:09.822Z,SSID: "Vivo-Internet-2810", BSSID: 40:1a:58:1c:28:10, capabilities: [WPA-PSK-TKIP+CCMP][WPA2-PSK-TKIP+CCMP][RSN-PSK-TKIP+CCMP][ESS][WPS], level: -82, frequency: 2437, timestamp: 798873012212, distance: ?(cm), distanceSd: ?(cm), passpoint: no, ChannelBandwidth: 0, centerFreq0: 2437, centerFreq1: 0, standard: 11n, 80211mcResponder: is not supported, Radio Chain Infos: null, interface name: wlan0
