datetime_utc,wifi_network
2025-05-15T12:21:21.876Z,SSID: "auxfflch", BSSID: 8c:7a:15:3c:7a:98, capabilities: [ESS], level: -85, frequency: 2437, timestamp: 801113803788, distance: ?(cm), distanceSd: ?(cm), passpoint: no, ChannelBandwidth: 0, centerFreq0: 2437, centerFreq1: 0, standard: 11ax, 80211mcResponder: is not supported, Radio Chain Infos: null, interface name: wlan0
2025-05-15T12:21:21.876Z,SSID: "eduroam", BSSID: 8c:7a:15:fc:79:28, capabilities: [WPA2-EAP/SHA1+EAP/SHA256-CCMP][RSN-EAP/SHA1+EAP/SHA256-CCMP][ESS][MFPC], level: -89, frequency: 2462, timestamp: 801113803812, distance: ?(cm), distanceSd: ?(cm), passpoint: no, ChannelBandwidth: 0, centerFreq0: 2462, centerFreq1: 0, standard: 11ax, 80211mcResponder: is not supported, Radio Chain Infos: null, interface name: wlan0
2025-05-15T12:21:21.876Z,SSID: "auxfflch", BSSID: 8c:7a:15:3c:79:78, capabilities: [ESS], level: -85, frequency: 2462, timestamp: 801113803764, distance: ?(cm), distanceSd: ?(cm), passpoint: no, ChannelBandwidth: 0, centerFreq0: 2462, centerFreq1: 0, standard: 11ax, 80211mcResponder: is not supported, Radio Chain Infos: null, interface name: wlan0
2025-05-15T12:21:21.876Z,SSID: "eduroam", BSSID: 8c:7a:15:fc:7a:28, capabilities: [WPA2-EAP/SHA1+EAP/SHA256-CCMP][RSN-EAP/SHA1+EAP/SHA256-CCMP][ESS][MFPC], level: -90, frequency: 2462, timestamp: 801113803752, distance: ?(cm), distanceSd: ?(cm), passpoint: no, ChannelBandwidth: 0, centerFreq0: 2462, centerFreq1: 0, standard: 11ax, 80211mcResponder: is not supported, Radio Chain Infos: null, interface name: wlan0
2025-05-15T12:21:21.876Z,SSID: "eduroam", BSSID: f0:5c:19:b6:54:42, capabilities: [WPA2-EAP/SHA1-CCMP][RSN-EAP/SHA1-CCMP][ESS], level: -80, frequency: 2412, timestamp: 801113803725, distance: ?(cm), distanceSd: ?(cm), passpoint: no, ChannelBandwidth: 0, centerFreq0: 2412, centerFreq1: 0, standard: 11n, 80211mcResponder: is not supported, Radio Chain Infos: null, interface name: wlan0
2025-05-15T12:21:21.876Z,SSID: "auxfflch", BSSID: 8c:7a:15:3c:75:18, capabilities: [ESS], level: -81, frequency: 2437, timestamp: 801113803796, distance: ?(cm), distanceSd: ?(cm), passpoint: no, ChannelBandwidth: 0, centerFreq0: 2437, centerFreq1: 0, standard: 11ax, 80211mcResponder: is not supported, Radio Chain Infos: null, interface name: wlan0
2025-05-15T12:21:21.876Z,SSID: "auxfflch", BSSID: 8c:7a:15:3c:74:18, capabilities: [ESS], level: -86, frequency: 2462, timestamp: 801113803782, distance: ?(cm), distanceSd: ?(cm), passpoint: no, ChannelBandwidth: 0, centerFreq0: 2462, centerFreq1: 0, standard: 11ax, 80211mcResponder: is not supported, Radio Chain Infos: null, interface name: wlan0
2025-05-15T12:21:21.876Z,SSID: "auxfflch", BSSID: 8c:7a:15:3c:79:28, capabilities: [ESS], level: -86, frequency: 2462, timestamp: 801113803809, distance: ?(cm), distanceSd: ?(cm), passpoint: no, ChannelBandwidth: 0, centerFreq0: 2462, centerFreq1: 0, standard: 11ax, 80211mcResponder: is not supported, Radio Chain Infos: null, interface name: wlan0
2025-05-15T12:21:21.876Z,SSID: "auxfflch", BSSID: 8c:7a:15:3c:77:88, capabilities: [ESS], level: -84, frequency: 2462, timestamp: 801113803801, distance: ?(cm), distanceSd: ?(cm), passpoint: no, ChannelBandwidth: 0, centerFreq0: 2462, centerFreq1: 0, standard: 11ax, 80211mcResponder: is not supported, Radio Chain Infos: null, interface name: wlan0
2025-05-15T12:21:21.876Z,SSID: "C_006649", BSSID: 04:f0:21:71:aa:80, capabilities: [ESS], level: -75, frequency: 2462, timestamp: 801113803792, distance: ?(cm), distanceSd: ?(cm), passpoint: no, ChannelBandwidth: 1, centerFreq0: 2452, centerFreq1: 0, standard: 11n, 80211mcResponder: is not supported, Radio Chain Infos: null, interface name: wlan0
2025-05-15T12:21:21.876Z,SSID: "eduroam", BSSID: 84:d4:7e:06:2b:82, capabilities: [WPA2-EAP/SHA1-CCMP][RSN-EAP/SHA1-CCMP][ESS], level: -79, frequency: 2412, timestamp: 801113803745, distance: ?(cm), distanceSd: ?(cm), passpoint: no, ChannelBandwidth: 0, centerFreq0: 2412, centerFreq1: 0, standard: 11n, 80211mcResponder: is not supported, Radio Chain Infos: null, interface name: wlan0
2025-05-15T12:21:21.876Z,SSID: "Wi-Fi a bordo", BSSID: 04:f0:21:71:aa:81, capabilities: [ESS], level: -96, frequency: 5745, timestamp: 801113803818, distance: ?(cm), distanceSd: ?(cm), passpoint: no, ChannelBandwidth: 1, centerFreq0: 5755, centerFreq1: 0, standard: 11n, 80211mcResponder: is not supported, Radio Chain Infos: null, interface name: wlan0
2025-05-15T12:21:21.876Z,SSID: "eduroam", BSSID: 8c:7a:15:fc:75:18, capabilities: [WPA2-EAP/SHA1+EAP/SHA256-CCMP][RSN-EAP/SHA1+EAP/SHA256-CCMP][ESS][MFPC], level: -82, frequency: 2437, timestamp: 801113803760, distance: ?(cm), distanceSd: ?(cm), passpoint: no, ChannelBandwidth: 0, centerFreq0: 2437, centerFreq1: 0, standard: 11ax, 80211mcResponder: is not supported, Radio Chain Infos: null, interface name: wlan0
2025-05-15T12:21:21.876Z,SSID: "auxfflch", BSSID: 8c:7a:15:3c:7a:28, capabilities: [ESS], level: -87, frequency: 2462, timestamp: 801113803777, distance: ?(cm), distanceSd: ?(cm), passpoint: no, ChannelBandwidth: 0, centerFreq0: 2462, centerFreq1: 0, standard: 11ax, 80211mcResponder: is not supported, Radio Chain Infos: null, interface name: wlan0
2025-05-15T12:21:21.876Z,SSID: "auxfflch", BSSID: 8c:7a:15:3c:78:38, capabilities: [ESS], level: -90, frequency: 2462, timestamp: 801113803805, distance: ?(cm), distanceSd: ?(cm), passpoint: no, ChannelBandwidth: 0, centerFreq0: 2462, centerFreq1: 0, standard: 11ax, 80211mcResponder: is not supported, Radio Chain Infos: null, interface name: wlan0
2025-05-15T12:21:21.876Z,SSID: "eduroam", BSSID: 8c:7a:15:fc:7a:98, capabilities: [WPA2-EAP/SHA1+EAP/SHA256-CCMP][RSN-EAP/SHA1+EAP/SHA256-CCMP][ESS][MFPC], level: -89, frequency: 2437, timestamp: 801113803773, distance: ?(cm), distanceSd: ?(cm), passpoint: no, ChannelBandwidth: 0, centerFreq0: 2437, centerFreq1: 0, standard: 11ax, 80211mcResponder: is not supported, Radio Chain Infos: null, interface name: wlan0
2025-05-15T12:21:21.876Z,SSID: "eduroam", BSSID: 8c:7a:15:fc:79:78, capabilities: [WPA2-EAP/SHA1+EAP/SHA256-CCMP][RSN-EAP/SHA1+EAP/SHA256-CCMP][ESS][MFPC], level: -77, frequency: 2462, timestamp: 801113803768, distance: ?(cm), distanceSd: ?(cm), passpoint: no, ChannelBandwidth: 0, centerFreq0: 2462, centerFreq1: 0, standard: 11ax, 80211mcResponder: is not supported, Radio Chain Infos: null, interface name: wlan0
2025-05-15T12:21:51.946Z,SSID: "auxfflch", BSSID: 8c:7a:15:3c:7a:98, capabilities: [ESS], level: -85, frequency: 2437, timestamp: 801129649036, distance: ?(cm), distanceSd: ?(cm), passpoint: no, ChannelBandwidth: 0, centerFreq0: 2437, centerFreq1: 0, standard: 11ax, 80211mcResponder: is not supported, Radio Chain Infos: null, interface name: wlan0
2025-05-15T12:21:51.946Z,SSID: "eduroam", BSSID: 8c:7a:15:fc:74:18, capabilities: [WPA2-EAP/SHA1+EAP/SHA256-CCMP][RSN-EAP/SHA1+EAP/SHA256-CCMP][ESS][MFPC], level: -82, frequency: 2462, timestamp: 801129649059, distance: ?(cm), distanceSd: ?(cm), passpoint: no, ChannelBandwidth: 0, centerFreq0: 2462, centerFreq1: 0, standard: 11ax, 80211mcResponder: is not supported, Radio Chain Infos: null, interface name: wlan0
2025-05-15T12:21:51.946Z,SSID: "eduroam", BSSID: 8c:7a:15:fc:7a:d8, capabilities: [WPA2-EAP/SHA1+EAP/SHA256-CCMP][RSN-EAP/SHA1+EAP/SHA256-CCMP][ESS][MFPC], level: -83, frequency: 2462, timestamp: 801129649065, distance: ?(cm), distanceSd: ?(cm), passpoint: no, ChannelBandwidth: 0, centerFreq0: 2462, centerFreq1: 0, standard: 11ax, 80211mcResponder: is not supported, Radio Chain Infos: null, interface name: wlan0
2025-05-15T12:21:51.946Z,SSID: "eduroam", BSSID: 8c:7a:15:fc:7a:28, capabilities: [WPA2-EAP/SHA1+EAP/SHA256-CCMP][RSN-EAP/SHA1+EAP/SHA256-CCMP][ESS][MFPC], level: -85, frequency: 2462, timestamp: 801129649017, distance: ?(cm), distanceSd: ?(cm), passpoint: no, ChannelBandwidth: 0, centerFreq0: 2462, centerFreq1: 0, standard: 11ax, 80211mcResponder: is not supported, Radio Chain Infos: null, interface name: wlan0
2025-05-15T12:21:51.946Z,SSID: "eduroam", BSSID: 8c:7a:15:fc:79:2c, capabilities: [WPA2-EAP/SHA1+EAP/SHA256-CCMP][RSN-EAP/SHA1+EAP/SHA256-CCMP][ESS][MFPC], level: -85, frequency: 5680, timestamp: 801129649099, distance: ?(cm), distanceSd: ?(cm), passpoint: no, ChannelBandwidth: 1, centerFreq0: 5670, centerFreq1: 0, standard: 11ax, 80211mcResponder: is not supported, Radio Chain Infos: null, interface name: wlan0
2025-05-15T12:21:51.946Z,SSID: "auxfflch", BSSID: 8c:7a:15:3c:78:08, capabilities: [ESS], level: -82, frequency: 2462, timestamp: 801129649082, distance: ?(cm), distanceSd: ?(cm), passpoint: no, ChannelBandwidth: 0, centerFreq0: 2462, centerFreq1: 0, standard: 11ax, 80211mcResponder: is not supported, Radio Chain Infos: null, interface name: wlan0
2025-05-15T12:21:51.946Z,SSID: "auxfflch", BSSID: 8c:7a:15:3c:75:18, capabilities: [ESS], level: -77, frequency: 2437, timestamp: 801129649043, distance: ?(cm), distanceSd: ?(cm), passpoint: no, ChannelBandwidth: 0, centerFreq0: 2437, centerFreq1: 0, standard: 11ax, 80211mcResponder: is not supported, Radio Chain Infos: null, interface name: wlan0
2025-05-15T12:21:51.946Z,SSID: "auxfflch", BSSID: 8c:7a:15:3c:76:68, capabilities: [ESS], level: -83, frequency: 2462, timestamp: 801129649047, distance: ?(cm), distanceSd: ?(cm), passpoint: no, ChannelBandwidth: 0, centerFreq0: 2462, centerFreq1: 0, standard: 11ax, 80211mcResponder: is not supported, Radio Chain Infos: null, interface name: wlan0
2025-05-15T12:21:51.946Z,SSID: "auxfflch", BSSID: 8c:7a:15:3c:74:18, capabilities: [ESS], level: -79, frequency: 2462, timestamp: 801129649026, distance: ?(cm), distanceSd: ?(cm), passpoint: no, ChannelBandwidth: 0, centerFreq0: 2462, centerFreq1: 0, standard: 11ax, 80211mcResponder: is not supported, Radio Chain Infos: null, interface name: wlan0
2025-05-15T12:21:51.946Z,SSID: "eduroam", BSSID: 84:d4:7e:06:2b:82, capabilities: [WPA2-EAP/SHA1-CCMP][RSN-EAP/SHA1-CCMP][ESS], level: -79, frequency: 2412, timestamp: 801129649002, distance: ?(cm), distanceSd: ?(cm), passpoint: no, ChannelBandwidth: 0, centerFreq0: 2412, centerFreq1: 0, standard: 11n, 80211mcResponder: is not supported, Radio Chain Infos: null, interface name: wlan0
2025-05-15T12:21:51.946Z,SSID: "auxfflch", BSSID: 8c:7a:15:3c:7a:58, capabilities: [ESS], level: -92, frequency: 2462, timestamp: 801129649076, distance: ?(cm), distanceSd: ?(cm), passpoint: no, ChannelBandwidth: 0, centerFreq0: 2462, centerFreq1: 0, standard: 11ax, 80211mcResponder: is not supported, Radio Chain Infos: null, interface name: wlan0
2025-05-15T12:21:51.946Z,SSID: "eduroam", BSSID: 84:d4:7e:06:2b:92, capabilities: [WPA2-EAP/SHA1-CCMP][RSN-EAP/SHA1-CCMP][ESS], level: -97, frequency: 5745, timestamp: 801129649103, distance: ?(cm), distanceSd: ?(cm), passpoint: no, ChannelBandwidth: 2, centerFreq0: 5775, centerFreq1: 0, standard: 11ac, 80211mcResponder: is not supported, Radio Chain Infos: null, interface name: wlan0
2025-05-15T12:21:51.946Z,SSID: "eduroam", BSSID: 8c:7a:15:fc:78:08, capabilities: [WPA2-EAP/SHA1+EAP/SHA256-CCMP][RSN-EAP/SHA1+EAP/SHA256-CCMP][ESS][MFPC], level: -86, frequency: 2462, timestamp: 801129649087, distance: ?(cm), distanceSd: ?(cm), passpoint: no, ChannelBandwidth: 0, centerFreq0: 2462, centerFreq1: 0, standard: 11ax, 80211mcResponder: is not supported, Radio Chain Infos: null, interface name: wlan0
2025-05-15T12:21:51.946Z,SSID: "restaurante_Italiano", BSSID: c0:25:2f:fb:86:93, capabilities: [WPA-PSK-CCMP][WPA2-PSK-CCMP][RSN-PSK-CCMP][ESS][WPS], level: -91, frequency: 2432, timestamp: 801129649056, distance: ?(cm), distanceSd: ?(cm), passpoint: no, ChannelBandwidth: 0, centerFreq0: 2432, centerFreq1: 0, standard: 11n, 80211mcResponder: is not supported, Radio Chain Infos: null, interface name: wlan0
2025-05-15T12:21:51.946Z,SSID: "auxfflch", BSSID: 8c:7a:15:3c:79:2c, capabilities: [ESS], level: -84, frequency: 5680, timestamp: 801129649095, distance: ?(cm), distanceSd: ?(cm), passpoint: no, ChannelBandwidth: 1, centerFreq0: 5670, centerFreq1: 0, standard: 11ax, 80211mcResponder: is not supported, Radio Chain Infos: null, interface name: wlan0
2025-05-15T12:21:51.946Z,SSID: "eduroam", BSSID: 8c:7a:15:fc:76:68, capabilities: [WPA2-EAP/SHA1+EAP/SHA256-CCMP][RSN-EAP/SHA1+EAP/SHA256-CCMP][ESS][MFPC], level: -83, frequency: 2462, timestamp: 801129649071, distance: ?(cm), distanceSd: ?(cm), passpoint: no, ChannelBandwidth: 0, centerFreq0: 2462, centerFreq1: 0, standard: 11ax, 80211mcResponder: is not supported, Radio Chain Infos: null, interface name: wlan0
2025-05-15T12:21:51.946Z,SSID: "auxfflch", BSSID: 8c:7a:15:3c:79:7c, capabilities: [ESS], level: -91, frequency: 5580, timestamp: 801129649091, distance: ?(cm), distanceSd: ?(cm), passpoint: no, ChannelBandwidth: 1, centerFreq0: 5590, centerFreq1: 0, standard: 11ax, 80211mcResponder: is not supported, Radio Chain Infos: null, interface name: wlan0
2025-05-15T12:21:51.946Z,SSID: "auxfflch", BSSID: 8c:7a:15:3c:7a:18, capabilities: [ESS], level: -87, frequency: 2412, timestamp: 801129649031, distance: ?(cm), distanceSd: ?(cm), passpoint: no, ChannelBandwidth: 0, centerFreq0: 2412, centerFreq1: 0, standard: 11ax, 80211mcResponder: is not supported, Radio Chain Infos: null, interface name: wlan0
2025-05-15T12:21:51.946Z,SSID: "auxfflch", BSSID: 8c:7a:15:3c:78:48, capabilities: [ESS], level: -88, frequency: 2437, timestamp: 801129649039, distance: ?(cm), distanceSd: ?(cm), passpoint: no, ChannelBandwidth: 0, centerFreq0: 2437, centerFreq1: 0, standard: 11ax, 80211mcResponder: is not supported, Radio Chain Infos: null, interface name: wlan0
