datetime_utc,wifi_network
2025-05-15T12:37:09.622Z,SSID: "auxfflch", BSSID: 8c:7a:15:3c:79:78, capabilities: [ESS], level: -73, frequency: 2462, timestamp: 802038871163, distance: ?(cm), distanceSd: ?(cm), passpoint: no, ChannelBandwidth: 0, centerFreq0: 2462, centerFreq1: 0, standard: 11ax, 80211mcResponder: is not supported, Radio Chain Infos: null, interface name: wlan0
2025-05-15T12:37:09.622Z,SSID: "eduroam", BSSID: f0:5c:19:b6:54:42, capabilities: [WPA2-EAP/SHA1-CCMP][RSN-EAP/SHA1-CCMP][ESS], level: -86, frequency: 2412, timestamp: 802038871052, distance: ?(cm), distanceSd: ?(cm), passpoint: no, ChannelBandwidth: 0, centerFreq0: 2412, centerFreq1: 0, standard: 11n, 80211mcResponder: is not supported, Radio Chain Infos: null, interface name: wlan0
2025-05-15T12:37:09.622Z,SSID: "auxfflch", BSSID: 8c:7a:15:3c:74:18, capabilities: [ESS], level: -72, frequency: 2462, timestamp: 802038871146, distance: ?(cm), distanceSd: ?(cm), passpoint: no, ChannelBandwidth: 0, centerFreq0: 2462, centerFreq1: 0, standard: 11ax, 80211mcResponder: is not supported, Radio Chain Infos: null, interface name: wlan0
2025-05-15T12:37:09.622Z,SSID: "MyWiFi3312", BSSID: fa:25:fe:83:8b:47, capabilities: [WPA2-PSK-CCMP][RSN-PSK-CCMP][ESS][WPS], level: -79, frequency: 2412, timestamp: 802038871152, distance: ?(cm), distanceSd: ?(cm), passpoint: no, ChannelBandwidth: 0, centerFreq0: 2412, centerFreq1: 0, standard: 11n, 80211mcResponder: is not supported, Radio Chain Infos: null, interface name: wlan0
2025-05-15T12:37:09.622Z,SSID: "eduroam", BSSID: 84:d4:7e:06:2b:82, capabilities: [WPA2-EAP/SHA1-CCMP][RSN-EAP/SHA1-CCMP][ESS], level: -87, frequency: 2412, timestamp: 802038871117, distance: ?(cm), distanceSd: ?(cm), passpoint: no, ChannelBandwidth: 0, centerFreq0: 2412, centerFreq1: 0, standard: 11n, 80211mcResponder: is not supported, Radio Chain Infos: null, interface name: wlan0
2025-05-15T12:37:09.622Z,SSID: "eduroam", BSSID: c8:84:8c:3e:2e:28, capabilities: [WPA2-EAP/SHA1+EAP/SHA256-CCMP][RSN-EAP/SHA1+EAP/SHA256-CCMP][ESS][MFPC], level: -88, frequency: 2437, timestamp: 802038871107, distance: ?(cm), distanceSd: ?(cm), passpoint: no, ChannelBandwidth: 0, centerFreq0: 2437, centerFreq1: 0, standard: 11ax, 80211mcResponder: is not supported, Radio Chain Infos: null, interface name: wlan0
2025-05-15T12:37:09.622Z,SSID: "auxfflch", BSSID: c8:84:8c:7e:2e:28, capabilities: [ESS], level: -83, frequency: 2437, timestamp: 802038871126, distance: ?(cm), distanceSd: ?(cm), passpoint: no, ChannelBandwidth: 0, centerFreq0: 2437, centerFreq1: 0, standard: 11ax, 80211mcResponder: is not supported, Radio Chain Infos: null, interface name: wlan0
2025-05-15T12:37:09.622Z,SSID: "eduroam", BSSID: 8c:7a:15:fc:75:18, capabilities: [WPA2-EAP/SHA1+EAP/SHA256-CCMP][RSN-EAP/SHA1+EAP/SHA256-CCMP][ESS][MFPC], level: -76, frequency: 2437, timestamp: 802038871073, distance: ?(cm), distanceSd: ?(cm), passpoint: no, ChannelBandwidth: 0, centerFreq0: 2437, centerFreq1: 0, standard: 11ax, 80211mcResponder: is not supported, Radio Chain Infos: null, interface name: wlan0
2025-05-15T12:37:09.622Z,SSID: "J7", BSSID: 92:a1:fd:82:68:60, capabilities: [WPA2-PSK-CCMP][RSN-PSK-CCMP][ESS], level: -88, frequency: 2412, timestamp: 802038871157, distance: ?(cm), distanceSd: ?(cm), passpoint: no, ChannelBandwidth: 0, centerFreq0: 2412, centerFreq1: 0, standard: 11n, 80211mcResponder: is not supported, Radio Chain Infos: null, interface name: wlan0
2025-05-15T12:37:09.622Z,SSID: "eduroam", BSSID: 8c:7a:15:fc:7a:b8, capabilities: [WPA2-EAP/SHA1+EAP/SHA256-CCMP][RSN-EAP/SHA1+EAP/SHA256-CCMP][ESS][MFPC], level: -88, frequency: 2462, timestamp: 802038871088, distance: ?(cm), distanceSd: ?(cm), passpoint: no, ChannelBandwidth: 0, centerFreq0: 2462, centerFreq1: 0, standard: 11ax, 80211mcResponder: is not supported, Radio Chain Infos: null, interface name: wlan0
2025-05-15T12:37:09.622Z,SSID: "eduroam", BSSID: 8c:7a:15:fc:79:78, capabilities: [WPA2-EAP/SHA1+EAP/SHA256-CCMP][RSN-EAP/SHA1+EAP/SHA256-CCMP][ESS][MFPC], level: -74, frequency: 2462, timestamp: 802038871081, distance: ?(cm), distanceSd: ?(cm), passpoint: no, ChannelBandwidth: 0, centerFreq0: 2462, centerFreq1: 0, standard: 11ax, 80211mcResponder: is not supported, Radio Chain Infos: null, interface name: wlan0
